-- NODES
INSERT INTO cytrus.nodes (id) VALUES (0);
INSERT INTO cytrus.nodes (id) VALUES (1);
INSERT INTO cytrus.nodes (id) VALUES (2);
INSERT INTO cytrus.nodes (id) VALUES (3);
INSERT INTO cytrus.nodes (id) VALUES (4);
INSERT INTO cytrus.nodes (id) VALUES (5);
INSERT INTO cytrus.nodes (id) VALUES (6);
INSERT INTO cytrus.nodes (id) VALUES (7);
INSERT INTO cytrus.nodes (id) VALUES (8);
INSERT INTO cytrus.nodes (id) VALUES (9);
INSERT INTO cytrus.nodes (id) VALUES (10);
INSERT INTO cytrus.nodes (id) VALUES (11);
INSERT INTO cytrus.nodes (id) VALUES (12);
INSERT INTO cytrus.nodes (id) VALUES (13);
INSERT INTO cytrus.nodes (id) VALUES (14);
INSERT INTO cytrus.nodes (id) VALUES (15);
INSERT INTO cytrus.nodes (id) VALUES (16);
INSERT INTO cytrus.nodes (id) VALUES (17);
INSERT INTO cytrus.nodes (id) VALUES (18);
INSERT INTO cytrus.nodes (id) VALUES (19);
INSERT INTO cytrus.nodes (id) VALUES (20);
INSERT INTO cytrus.nodes (id) VALUES (21);
INSERT INTO cytrus.nodes (id) VALUES (22);
INSERT INTO cytrus.nodes (id) VALUES (23);
INSERT INTO cytrus.nodes (id) VALUES (24);
INSERT INTO cytrus.nodes (id) VALUES (25);
INSERT INTO cytrus.nodes (id) VALUES (26);
INSERT INTO cytrus.nodes (id) VALUES (27);
INSERT INTO cytrus.nodes (id) VALUES (28);
INSERT INTO cytrus.nodes (id) VALUES (29);
INSERT INTO cytrus.nodes (id) VALUES (30);
INSERT INTO cytrus.nodes (id) VALUES (31);
INSERT INTO cytrus.nodes (id) VALUES (32);
INSERT INTO cytrus.nodes (id) VALUES (33);
INSERT INTO cytrus.nodes (id) VALUES (34);
INSERT INTO cytrus.nodes (id) VALUES (35);
INSERT INTO cytrus.nodes (id) VALUES (36);
INSERT INTO cytrus.nodes (id) VALUES (37);
INSERT INTO cytrus.nodes (id) VALUES (38);
INSERT INTO cytrus.nodes (id) VALUES (39);
INSERT INTO cytrus.nodes (id) VALUES (40);
INSERT INTO cytrus.nodes (id) VALUES (41);
INSERT INTO cytrus.nodes (id) VALUES (42);
INSERT INTO cytrus.nodes (id) VALUES (43);
INSERT INTO cytrus.nodes (id) VALUES (44);
INSERT INTO cytrus.nodes (id) VALUES (45);
INSERT INTO cytrus.nodes (id) VALUES (46);
INSERT INTO cytrus.nodes (id) VALUES (47);
INSERT INTO cytrus.nodes (id) VALUES (48);
INSERT INTO cytrus.nodes (id) VALUES (49);
INSERT INTO cytrus.nodes (id) VALUES (50);
INSERT INTO cytrus.nodes (id) VALUES (51);
INSERT INTO cytrus.nodes (id) VALUES (52);
INSERT INTO cytrus.nodes (id) VALUES (53);
INSERT INTO cytrus.nodes (id) VALUES (54);
INSERT INTO cytrus.nodes (id) VALUES (55);
INSERT INTO cytrus.nodes (id) VALUES (56);
INSERT INTO cytrus.nodes (id) VALUES (57);
INSERT INTO cytrus.nodes (id) VALUES (58);
INSERT INTO cytrus.nodes (id) VALUES (59);
INSERT INTO cytrus.nodes (id) VALUES (60);
INSERT INTO cytrus.nodes (id) VALUES (61);
INSERT INTO cytrus.nodes (id) VALUES (62);
INSERT INTO cytrus.nodes (id) VALUES (63);
INSERT INTO cytrus.nodes (id) VALUES (64);
INSERT INTO cytrus.nodes (id) VALUES (65);
INSERT INTO cytrus.nodes (id) VALUES (66);
INSERT INTO cytrus.nodes (id) VALUES (67);
INSERT INTO cytrus.nodes (id) VALUES (68);
INSERT INTO cytrus.nodes (id) VALUES (69);
INSERT INTO cytrus.nodes (id) VALUES (70);
INSERT INTO cytrus.nodes (id) VALUES (71);
INSERT INTO cytrus.nodes (id) VALUES (72);
INSERT INTO cytrus.nodes (id) VALUES (73);
INSERT INTO cytrus.nodes (id) VALUES (74);
INSERT INTO cytrus.nodes (id) VALUES (75);
INSERT INTO cytrus.nodes (id) VALUES (76);
INSERT INTO cytrus.nodes (id) VALUES (77);
INSERT INTO cytrus.nodes (id) VALUES (78);
INSERT INTO cytrus.nodes (id) VALUES (79);
INSERT INTO cytrus.nodes (id) VALUES (80);
INSERT INTO cytrus.nodes (id) VALUES (81);
INSERT INTO cytrus.nodes (id) VALUES (82);
INSERT INTO cytrus.nodes (id) VALUES (83);
INSERT INTO cytrus.nodes (id) VALUES (84);
INSERT INTO cytrus.nodes (id) VALUES (85);
INSERT INTO cytrus.nodes (id) VALUES (86);
INSERT INTO cytrus.nodes (id) VALUES (87);
INSERT INTO cytrus.nodes (id) VALUES (88);
INSERT INTO cytrus.nodes (id) VALUES (89);
INSERT INTO cytrus.nodes (id) VALUES (90);
INSERT INTO cytrus.nodes (id) VALUES (91);
INSERT INTO cytrus.nodes (id) VALUES (92);
INSERT INTO cytrus.nodes (id) VALUES (93);
INSERT INTO cytrus.nodes (id) VALUES (94);
INSERT INTO cytrus.nodes (id) VALUES (95);
INSERT INTO cytrus.nodes (id) VALUES (96);
INSERT INTO cytrus.nodes (id) VALUES (97);
INSERT INTO cytrus.nodes (id) VALUES (98);
INSERT INTO cytrus.nodes (id) VALUES (99);
INSERT INTO cytrus.nodes (id) VALUES (100);
INSERT INTO cytrus.nodes (id) VALUES (101);
INSERT INTO cytrus.nodes (id) VALUES (102);
INSERT INTO cytrus.nodes (id) VALUES (103);
INSERT INTO cytrus.nodes (id) VALUES (104);
INSERT INTO cytrus.nodes (id) VALUES (105);
INSERT INTO cytrus.nodes (id) VALUES (106);
INSERT INTO cytrus.nodes (id) VALUES (107);
INSERT INTO cytrus.nodes (id) VALUES (108);
INSERT INTO cytrus.nodes (id) VALUES (109);
INSERT INTO cytrus.nodes (id) VALUES (110);
INSERT INTO cytrus.nodes (id) VALUES (111);
INSERT INTO cytrus.nodes (id) VALUES (112);
INSERT INTO cytrus.nodes (id) VALUES (113);
INSERT INTO cytrus.nodes (id) VALUES (114);
INSERT INTO cytrus.nodes (id) VALUES (115);
INSERT INTO cytrus.nodes (id) VALUES (116);
INSERT INTO cytrus.nodes (id) VALUES (117);
INSERT INTO cytrus.nodes (id) VALUES (118);
INSERT INTO cytrus.nodes (id) VALUES (119);
INSERT INTO cytrus.nodes (id) VALUES (120);
INSERT INTO cytrus.nodes (id) VALUES (121);
INSERT INTO cytrus.nodes (id) VALUES (122);
INSERT INTO cytrus.nodes (id) VALUES (123);
INSERT INTO cytrus.nodes (id) VALUES (124);
INSERT INTO cytrus.nodes (id) VALUES (125);
INSERT INTO cytrus.nodes (id) VALUES (126);
INSERT INTO cytrus.nodes (id) VALUES (127);
INSERT INTO cytrus.nodes (id) VALUES (128);
INSERT INTO cytrus.nodes (id) VALUES (129);
INSERT INTO cytrus.nodes (id) VALUES (130);
INSERT INTO cytrus.nodes (id) VALUES (131);
INSERT INTO cytrus.nodes (id) VALUES (132);
INSERT INTO cytrus.nodes (id) VALUES (133);
INSERT INTO cytrus.nodes (id) VALUES (134);
INSERT INTO cytrus.nodes (id) VALUES (135);
INSERT INTO cytrus.nodes (id) VALUES (136);
INSERT INTO cytrus.nodes (id) VALUES (137);
INSERT INTO cytrus.nodes (id) VALUES (138);
INSERT INTO cytrus.nodes (id) VALUES (139);
INSERT INTO cytrus.nodes (id) VALUES (140);
INSERT INTO cytrus.nodes (id) VALUES (141);
INSERT INTO cytrus.nodes (id) VALUES (142);
INSERT INTO cytrus.nodes (id) VALUES (143);
INSERT INTO cytrus.nodes (id) VALUES (144);
INSERT INTO cytrus.nodes (id) VALUES (145);
INSERT INTO cytrus.nodes (id) VALUES (146);
INSERT INTO cytrus.nodes (id) VALUES (147);
INSERT INTO cytrus.nodes (id) VALUES (148);
INSERT INTO cytrus.nodes (id) VALUES (149);
INSERT INTO cytrus.nodes (id) VALUES (150);
INSERT INTO cytrus.nodes (id) VALUES (151);
INSERT INTO cytrus.nodes (id) VALUES (152);
INSERT INTO cytrus.nodes (id) VALUES (153);
INSERT INTO cytrus.nodes (id) VALUES (154);
INSERT INTO cytrus.nodes (id) VALUES (155);
INSERT INTO cytrus.nodes (id) VALUES (156);
INSERT INTO cytrus.nodes (id) VALUES (157);
INSERT INTO cytrus.nodes (id) VALUES (158);
INSERT INTO cytrus.nodes (id) VALUES (159);
INSERT INTO cytrus.nodes (id) VALUES (160);
INSERT INTO cytrus.nodes (id) VALUES (161);
INSERT INTO cytrus.nodes (id) VALUES (162);
INSERT INTO cytrus.nodes (id) VALUES (163);
INSERT INTO cytrus.nodes (id) VALUES (164);
INSERT INTO cytrus.nodes (id) VALUES (165);
INSERT INTO cytrus.nodes (id) VALUES (166);
INSERT INTO cytrus.nodes (id) VALUES (167);
INSERT INTO cytrus.nodes (id) VALUES (168);
INSERT INTO cytrus.nodes (id) VALUES (169);
INSERT INTO cytrus.nodes (id) VALUES (170);
INSERT INTO cytrus.nodes (id) VALUES (171);
INSERT INTO cytrus.nodes (id) VALUES (172);
INSERT INTO cytrus.nodes (id) VALUES (173);
INSERT INTO cytrus.nodes (id) VALUES (174);
INSERT INTO cytrus.nodes (id) VALUES (175);
INSERT INTO cytrus.nodes (id) VALUES (176);
INSERT INTO cytrus.nodes (id) VALUES (177);

-- NODE PROPERTIES
INSERT INTO cytrus.node_properties (node_id, key, value) VALUES (0, 'LABEL', 'Movie');
INSERT INTO cytrus.node_properties (node_id, key, value) VALUES (0, 'tagline', 'Welcome to the Real World');
INSERT INTO cytrus.node_properties (node_id, key, value) VALUES (0, 'title', 'The Matrix');
INSERT INTO cytrus.node_properties (node_id, key, value) VALUES (0, 'released', '1999');
INSERT INTO cytrus.node_properties (node_id, key, value) VALUES (1, 'LABEL', 'Person');
INSERT INTO cytrus.node_properties (node_id, key, value) VALUES (1, 'name', 'Keanu Reeves');
INSERT INTO cytrus.node_properties (node_id, key, value) VALUES (1, 'born', '1964');
INSERT INTO cytrus.node_properties (node_id, key, value) VALUES (2, 'LABEL', 'Person');
INSERT INTO cytrus.node_properties (node_id, key, value) VALUES (2, 'name', 'Carrie-Anne Moss');
INSERT INTO cytrus.node_properties (node_id, key, value) VALUES (2, 'born', '1967');
INSERT INTO cytrus.node_properties (node_id, key, value) VALUES (3, 'LABEL', 'Person');
INSERT INTO cytrus.node_properties (node_id, key, value) VALUES (3, 'name', 'Laurence Fishburne');
INSERT INTO cytrus.node_properties (node_id, key, value) VALUES (3, 'born', '1961');
INSERT INTO cytrus.node_properties (node_id, key, value) VALUES (4, 'LABEL', 'Person');
INSERT INTO cytrus.node_properties (node_id, key, value) VALUES (4, 'name', 'Hugo Weaving');
INSERT INTO cytrus.node_properties (node_id, key, value) VALUES (4, 'born', '1960');
INSERT INTO cytrus.node_properties (node_id, key, value) VALUES (5, 'LABEL', 'Person');
INSERT INTO cytrus.node_properties (node_id, key, value) VALUES (5, 'name', 'Lilly Wachowski');
INSERT INTO cytrus.node_properties (node_id, key, value) VALUES (5, 'born', '1967');
INSERT INTO cytrus.node_properties (node_id, key, value) VALUES (6, 'LABEL', 'Person');
INSERT INTO cytrus.node_properties (node_id, key, value) VALUES (6, 'name', 'Lana Wachowski');
INSERT INTO cytrus.node_properties (node_id, key, value) VALUES (6, 'born', '1965');
INSERT INTO cytrus.node_properties (node_id, key, value) VALUES (7, 'LABEL', 'Person');
INSERT INTO cytrus.node_properties (node_id, key, value) VALUES (7, 'name', 'Joel Silver');
INSERT INTO cytrus.node_properties (node_id, key, value) VALUES (7, 'born', '1952');
INSERT INTO cytrus.node_properties (node_id, key, value) VALUES (8, 'LABEL', 'Person');
INSERT INTO cytrus.node_properties (node_id, key, value) VALUES (8, 'name', 'Emil Eifrem');
INSERT INTO cytrus.node_properties (node_id, key, value) VALUES (8, 'born', '1978');
INSERT INTO cytrus.node_properties (node_id, key, value) VALUES (9, 'LABEL', 'Movie');
INSERT INTO cytrus.node_properties (node_id, key, value) VALUES (9, 'tagline', 'Free your mind');
INSERT INTO cytrus.node_properties (node_id, key, value) VALUES (9, 'title', 'The Matrix Reloaded');
INSERT INTO cytrus.node_properties (node_id, key, value) VALUES (9, 'released', '2003');
INSERT INTO cytrus.node_properties (node_id, key, value) VALUES (10, 'LABEL', 'Movie');
INSERT INTO cytrus.node_properties (node_id, key, value) VALUES (10, 'tagline', 'Everything that has a beginning has an end');
INSERT INTO cytrus.node_properties (node_id, key, value) VALUES (10, 'title', 'The Matrix Revolutions');
INSERT INTO cytrus.node_properties (node_id, key, value) VALUES (10, 'released', '2003');
INSERT INTO cytrus.node_properties (node_id, key, value) VALUES (11, 'LABEL', 'Movie');
INSERT INTO cytrus.node_properties (node_id, key, value) VALUES (11, 'tagline', 'Evil has its winning ways');
INSERT INTO cytrus.node_properties (node_id, key, value) VALUES (11, 'title', 'The Devil''s Advocate');
INSERT INTO cytrus.node_properties (node_id, key, value) VALUES (11, 'released', '1997');
INSERT INTO cytrus.node_properties (node_id, key, value) VALUES (12, 'LABEL', 'Person');
INSERT INTO cytrus.node_properties (node_id, key, value) VALUES (12, 'name', 'Charlize Theron');
INSERT INTO cytrus.node_properties (node_id, key, value) VALUES (12, 'born', '1975');
INSERT INTO cytrus.node_properties (node_id, key, value) VALUES (13, 'LABEL', 'Person');
INSERT INTO cytrus.node_properties (node_id, key, value) VALUES (13, 'name', 'Al Pacino');
INSERT INTO cytrus.node_properties (node_id, key, value) VALUES (13, 'born', '1940');
INSERT INTO cytrus.node_properties (node_id, key, value) VALUES (14, 'LABEL', 'Person');
INSERT INTO cytrus.node_properties (node_id, key, value) VALUES (14, 'name', 'Taylor Hackford');
INSERT INTO cytrus.node_properties (node_id, key, value) VALUES (14, 'born', '1944');
INSERT INTO cytrus.node_properties (node_id, key, value) VALUES (15, 'LABEL', 'Movie');
INSERT INTO cytrus.node_properties (node_id, key, value) VALUES (15, 'tagline', 'In the heart of the nation''s capital, in a courthouse of the U.S. government, one man will stop at nothing to keep his honor, and one will stop at nothing to find the truth.');
INSERT INTO cytrus.node_properties (node_id, key, value) VALUES (15, 'title', 'A Few Good Men');
INSERT INTO cytrus.node_properties (node_id, key, value) VALUES (15, 'released', '1992');
INSERT INTO cytrus.node_properties (node_id, key, value) VALUES (16, 'LABEL', 'Person');
INSERT INTO cytrus.node_properties (node_id, key, value) VALUES (16, 'name', 'Tom Cruise');
INSERT INTO cytrus.node_properties (node_id, key, value) VALUES (16, 'born', '1962');
INSERT INTO cytrus.node_properties (node_id, key, value) VALUES (17, 'LABEL', 'Person');
INSERT INTO cytrus.node_properties (node_id, key, value) VALUES (17, 'name', 'Jack Nicholson');
INSERT INTO cytrus.node_properties (node_id, key, value) VALUES (17, 'born', '1937');
INSERT INTO cytrus.node_properties (node_id, key, value) VALUES (18, 'LABEL', 'Person');
INSERT INTO cytrus.node_properties (node_id, key, value) VALUES (18, 'name', 'Demi Moore');
INSERT INTO cytrus.node_properties (node_id, key, value) VALUES (18, 'born', '1962');
INSERT INTO cytrus.node_properties (node_id, key, value) VALUES (19, 'LABEL', 'Person');
INSERT INTO cytrus.node_properties (node_id, key, value) VALUES (19, 'name', 'Kevin Bacon');
INSERT INTO cytrus.node_properties (node_id, key, value) VALUES (19, 'born', '1958');
INSERT INTO cytrus.node_properties (node_id, key, value) VALUES (20, 'LABEL', 'Person');
INSERT INTO cytrus.node_properties (node_id, key, value) VALUES (20, 'name', 'Kiefer Sutherland');
INSERT INTO cytrus.node_properties (node_id, key, value) VALUES (20, 'born', '1966');
INSERT INTO cytrus.node_properties (node_id, key, value) VALUES (21, 'LABEL', 'Person');
INSERT INTO cytrus.node_properties (node_id, key, value) VALUES (21, 'name', 'Noah Wyle');
INSERT INTO cytrus.node_properties (node_id, key, value) VALUES (21, 'born', '1971');
INSERT INTO cytrus.node_properties (node_id, key, value) VALUES (22, 'LABEL', 'Person');
INSERT INTO cytrus.node_properties (node_id, key, value) VALUES (22, 'name', 'Cuba Gooding Jr.');
INSERT INTO cytrus.node_properties (node_id, key, value) VALUES (22, 'born', '1968');
INSERT INTO cytrus.node_properties (node_id, key, value) VALUES (23, 'LABEL', 'Person');
INSERT INTO cytrus.node_properties (node_id, key, value) VALUES (23, 'name', 'Kevin Pollak');
INSERT INTO cytrus.node_properties (node_id, key, value) VALUES (23, 'born', '1957');
INSERT INTO cytrus.node_properties (node_id, key, value) VALUES (24, 'LABEL', 'Person');
INSERT INTO cytrus.node_properties (node_id, key, value) VALUES (24, 'name', 'J.T. Walsh');
INSERT INTO cytrus.node_properties (node_id, key, value) VALUES (24, 'born', '1943');
INSERT INTO cytrus.node_properties (node_id, key, value) VALUES (25, 'LABEL', 'Person');
INSERT INTO cytrus.node_properties (node_id, key, value) VALUES (25, 'name', 'James Marshall');
INSERT INTO cytrus.node_properties (node_id, key, value) VALUES (25, 'born', '1967');
INSERT INTO cytrus.node_properties (node_id, key, value) VALUES (26, 'LABEL', 'Person');
INSERT INTO cytrus.node_properties (node_id, key, value) VALUES (26, 'name', 'Christopher Guest');
INSERT INTO cytrus.node_properties (node_id, key, value) VALUES (26, 'born', '1948');
INSERT INTO cytrus.node_properties (node_id, key, value) VALUES (27, 'LABEL', 'Person');
INSERT INTO cytrus.node_properties (node_id, key, value) VALUES (27, 'name', 'Rob Reiner');
INSERT INTO cytrus.node_properties (node_id, key, value) VALUES (27, 'born', '1947');
INSERT INTO cytrus.node_properties (node_id, key, value) VALUES (28, 'LABEL', 'Person');
INSERT INTO cytrus.node_properties (node_id, key, value) VALUES (28, 'name', 'Aaron Sorkin');
INSERT INTO cytrus.node_properties (node_id, key, value) VALUES (28, 'born', '1961');
INSERT INTO cytrus.node_properties (node_id, key, value) VALUES (29, 'LABEL', 'Movie');
INSERT INTO cytrus.node_properties (node_id, key, value) VALUES (29, 'tagline', 'I feel the need, the need for speed.');
INSERT INTO cytrus.node_properties (node_id, key, value) VALUES (29, 'title', 'Top Gun');
INSERT INTO cytrus.node_properties (node_id, key, value) VALUES (29, 'released', '1986');
INSERT INTO cytrus.node_properties (node_id, key, value) VALUES (30, 'LABEL', 'Person');
INSERT INTO cytrus.node_properties (node_id, key, value) VALUES (30, 'name', 'Kelly McGillis');
INSERT INTO cytrus.node_properties (node_id, key, value) VALUES (30, 'born', '1957');
INSERT INTO cytrus.node_properties (node_id, key, value) VALUES (31, 'LABEL', 'Person');
INSERT INTO cytrus.node_properties (node_id, key, value) VALUES (31, 'name', 'Val Kilmer');
INSERT INTO cytrus.node_properties (node_id, key, value) VALUES (31, 'born', '1959');
INSERT INTO cytrus.node_properties (node_id, key, value) VALUES (32, 'LABEL', 'Person');
INSERT INTO cytrus.node_properties (node_id, key, value) VALUES (32, 'name', 'Anthony Edwards');
INSERT INTO cytrus.node_properties (node_id, key, value) VALUES (32, 'born', '1962');
INSERT INTO cytrus.node_properties (node_id, key, value) VALUES (33, 'LABEL', 'Person');
INSERT INTO cytrus.node_properties (node_id, key, value) VALUES (33, 'name', 'Tom Skerritt');
INSERT INTO cytrus.node_properties (node_id, key, value) VALUES (33, 'born', '1933');
INSERT INTO cytrus.node_properties (node_id, key, value) VALUES (34, 'LABEL', 'Person');
INSERT INTO cytrus.node_properties (node_id, key, value) VALUES (34, 'name', 'Meg Ryan');
INSERT INTO cytrus.node_properties (node_id, key, value) VALUES (34, 'born', '1961');
INSERT INTO cytrus.node_properties (node_id, key, value) VALUES (35, 'LABEL', 'Person');
INSERT INTO cytrus.node_properties (node_id, key, value) VALUES (35, 'name', 'Tony Scott');
INSERT INTO cytrus.node_properties (node_id, key, value) VALUES (35, 'born', '1944');
INSERT INTO cytrus.node_properties (node_id, key, value) VALUES (36, 'LABEL', 'Person');
INSERT INTO cytrus.node_properties (node_id, key, value) VALUES (36, 'name', 'Jim Cash');
INSERT INTO cytrus.node_properties (node_id, key, value) VALUES (36, 'born', '1941');
INSERT INTO cytrus.node_properties (node_id, key, value) VALUES (37, 'LABEL', 'Movie');
INSERT INTO cytrus.node_properties (node_id, key, value) VALUES (37, 'tagline', 'The rest of his life begins now.');
INSERT INTO cytrus.node_properties (node_id, key, value) VALUES (37, 'title', 'Jerry Maguire');
INSERT INTO cytrus.node_properties (node_id, key, value) VALUES (37, 'released', '2000');
INSERT INTO cytrus.node_properties (node_id, key, value) VALUES (38, 'LABEL', 'Person');
INSERT INTO cytrus.node_properties (node_id, key, value) VALUES (38, 'name', 'Renee Zellweger');
INSERT INTO cytrus.node_properties (node_id, key, value) VALUES (38, 'born', '1969');
INSERT INTO cytrus.node_properties (node_id, key, value) VALUES (39, 'LABEL', 'Person');
INSERT INTO cytrus.node_properties (node_id, key, value) VALUES (39, 'name', 'Kelly Preston');
INSERT INTO cytrus.node_properties (node_id, key, value) VALUES (39, 'born', '1962');
INSERT INTO cytrus.node_properties (node_id, key, value) VALUES (40, 'LABEL', 'Person');
INSERT INTO cytrus.node_properties (node_id, key, value) VALUES (40, 'name', 'Jerry O''Connell');
INSERT INTO cytrus.node_properties (node_id, key, value) VALUES (40, 'born', '1974');
INSERT INTO cytrus.node_properties (node_id, key, value) VALUES (41, 'LABEL', 'Person');
INSERT INTO cytrus.node_properties (node_id, key, value) VALUES (41, 'name', 'Jay Mohr');
INSERT INTO cytrus.node_properties (node_id, key, value) VALUES (41, 'born', '1970');
INSERT INTO cytrus.node_properties (node_id, key, value) VALUES (42, 'LABEL', 'Person');
INSERT INTO cytrus.node_properties (node_id, key, value) VALUES (42, 'name', 'Bonnie Hunt');
INSERT INTO cytrus.node_properties (node_id, key, value) VALUES (42, 'born', '1961');
INSERT INTO cytrus.node_properties (node_id, key, value) VALUES (43, 'LABEL', 'Person');
INSERT INTO cytrus.node_properties (node_id, key, value) VALUES (43, 'name', 'Regina King');
INSERT INTO cytrus.node_properties (node_id, key, value) VALUES (43, 'born', '1971');
INSERT INTO cytrus.node_properties (node_id, key, value) VALUES (44, 'LABEL', 'Person');
INSERT INTO cytrus.node_properties (node_id, key, value) VALUES (44, 'name', 'Jonathan Lipnicki');
INSERT INTO cytrus.node_properties (node_id, key, value) VALUES (44, 'born', '1996');
INSERT INTO cytrus.node_properties (node_id, key, value) VALUES (45, 'LABEL', 'Person');
INSERT INTO cytrus.node_properties (node_id, key, value) VALUES (45, 'name', 'Cameron Crowe');
INSERT INTO cytrus.node_properties (node_id, key, value) VALUES (45, 'born', '1957');
INSERT INTO cytrus.node_properties (node_id, key, value) VALUES (46, 'LABEL', 'Movie');
INSERT INTO cytrus.node_properties (node_id, key, value) VALUES (46, 'tagline', 'For some, it''s the last real taste of innocence, and the first real taste of life. But for everyone, it''s the time that memories are made of.');
INSERT INTO cytrus.node_properties (node_id, key, value) VALUES (46, 'title', 'Stand By Me');
INSERT INTO cytrus.node_properties (node_id, key, value) VALUES (46, 'released', '1986');
INSERT INTO cytrus.node_properties (node_id, key, value) VALUES (47, 'LABEL', 'Person');
INSERT INTO cytrus.node_properties (node_id, key, value) VALUES (47, 'name', 'River Phoenix');
INSERT INTO cytrus.node_properties (node_id, key, value) VALUES (47, 'born', '1970');
INSERT INTO cytrus.node_properties (node_id, key, value) VALUES (48, 'LABEL', 'Person');
INSERT INTO cytrus.node_properties (node_id, key, value) VALUES (48, 'name', 'Corey Feldman');
INSERT INTO cytrus.node_properties (node_id, key, value) VALUES (48, 'born', '1971');
INSERT INTO cytrus.node_properties (node_id, key, value) VALUES (49, 'LABEL', 'Person');
INSERT INTO cytrus.node_properties (node_id, key, value) VALUES (49, 'name', 'Wil Wheaton');
INSERT INTO cytrus.node_properties (node_id, key, value) VALUES (49, 'born', '1972');
INSERT INTO cytrus.node_properties (node_id, key, value) VALUES (50, 'LABEL', 'Person');
INSERT INTO cytrus.node_properties (node_id, key, value) VALUES (50, 'name', 'John Cusack');
INSERT INTO cytrus.node_properties (node_id, key, value) VALUES (50, 'born', '1966');
INSERT INTO cytrus.node_properties (node_id, key, value) VALUES (51, 'LABEL', 'Person');
INSERT INTO cytrus.node_properties (node_id, key, value) VALUES (51, 'name', 'Marshall Bell');
INSERT INTO cytrus.node_properties (node_id, key, value) VALUES (51, 'born', '1942');
INSERT INTO cytrus.node_properties (node_id, key, value) VALUES (52, 'LABEL', 'Movie');
INSERT INTO cytrus.node_properties (node_id, key, value) VALUES (52, 'tagline', 'A comedy from the heart that goes for the throat.');
INSERT INTO cytrus.node_properties (node_id, key, value) VALUES (52, 'title', 'As Good as It Gets');
INSERT INTO cytrus.node_properties (node_id, key, value) VALUES (52, 'released', '1997');
INSERT INTO cytrus.node_properties (node_id, key, value) VALUES (53, 'LABEL', 'Person');
INSERT INTO cytrus.node_properties (node_id, key, value) VALUES (53, 'name', 'Helen Hunt');
INSERT INTO cytrus.node_properties (node_id, key, value) VALUES (53, 'born', '1963');
INSERT INTO cytrus.node_properties (node_id, key, value) VALUES (54, 'LABEL', 'Person');
INSERT INTO cytrus.node_properties (node_id, key, value) VALUES (54, 'name', 'Greg Kinnear');
INSERT INTO cytrus.node_properties (node_id, key, value) VALUES (54, 'born', '1963');
INSERT INTO cytrus.node_properties (node_id, key, value) VALUES (55, 'LABEL', 'Person');
INSERT INTO cytrus.node_properties (node_id, key, value) VALUES (55, 'name', 'James L. Brooks');
INSERT INTO cytrus.node_properties (node_id, key, value) VALUES (55, 'born', '1940');
INSERT INTO cytrus.node_properties (node_id, key, value) VALUES (56, 'LABEL', 'Movie');
INSERT INTO cytrus.node_properties (node_id, key, value) VALUES (56, 'tagline', 'After life there is more. The end is just the beginning.');
INSERT INTO cytrus.node_properties (node_id, key, value) VALUES (56, 'title', 'What Dreams May Come');
INSERT INTO cytrus.node_properties (node_id, key, value) VALUES (56, 'released', '1998');
INSERT INTO cytrus.node_properties (node_id, key, value) VALUES (57, 'LABEL', 'Person');
INSERT INTO cytrus.node_properties (node_id, key, value) VALUES (57, 'name', 'Annabella Sciorra');
INSERT INTO cytrus.node_properties (node_id, key, value) VALUES (57, 'born', '1960');
INSERT INTO cytrus.node_properties (node_id, key, value) VALUES (58, 'LABEL', 'Person');
INSERT INTO cytrus.node_properties (node_id, key, value) VALUES (58, 'name', 'Max von Sydow');
INSERT INTO cytrus.node_properties (node_id, key, value) VALUES (58, 'born', '1929');
INSERT INTO cytrus.node_properties (node_id, key, value) VALUES (59, 'LABEL', 'Person');
INSERT INTO cytrus.node_properties (node_id, key, value) VALUES (59, 'name', 'Werner Herzog');
INSERT INTO cytrus.node_properties (node_id, key, value) VALUES (59, 'born', '1942');
INSERT INTO cytrus.node_properties (node_id, key, value) VALUES (60, 'LABEL', 'Person');
INSERT INTO cytrus.node_properties (node_id, key, value) VALUES (60, 'name', 'Robin Williams');
INSERT INTO cytrus.node_properties (node_id, key, value) VALUES (60, 'born', '1951');
INSERT INTO cytrus.node_properties (node_id, key, value) VALUES (61, 'LABEL', 'Person');
INSERT INTO cytrus.node_properties (node_id, key, value) VALUES (61, 'name', 'Vincent Ward');
INSERT INTO cytrus.node_properties (node_id, key, value) VALUES (61, 'born', '1956');
INSERT INTO cytrus.node_properties (node_id, key, value) VALUES (62, 'LABEL', 'Movie');
INSERT INTO cytrus.node_properties (node_id, key, value) VALUES (62, 'tagline', 'First loves last. Forever.');
INSERT INTO cytrus.node_properties (node_id, key, value) VALUES (62, 'title', 'Snow Falling on Cedars');
INSERT INTO cytrus.node_properties (node_id, key, value) VALUES (62, 'released', '1999');
INSERT INTO cytrus.node_properties (node_id, key, value) VALUES (63, 'LABEL', 'Person');
INSERT INTO cytrus.node_properties (node_id, key, value) VALUES (63, 'name', 'Ethan Hawke');
INSERT INTO cytrus.node_properties (node_id, key, value) VALUES (63, 'born', '1970');
INSERT INTO cytrus.node_properties (node_id, key, value) VALUES (64, 'LABEL', 'Person');
INSERT INTO cytrus.node_properties (node_id, key, value) VALUES (64, 'name', 'Rick Yune');
INSERT INTO cytrus.node_properties (node_id, key, value) VALUES (64, 'born', '1971');
INSERT INTO cytrus.node_properties (node_id, key, value) VALUES (65, 'LABEL', 'Person');
INSERT INTO cytrus.node_properties (node_id, key, value) VALUES (65, 'name', 'James Cromwell');
INSERT INTO cytrus.node_properties (node_id, key, value) VALUES (65, 'born', '1940');
INSERT INTO cytrus.node_properties (node_id, key, value) VALUES (66, 'LABEL', 'Person');
INSERT INTO cytrus.node_properties (node_id, key, value) VALUES (66, 'name', 'Scott Hicks');
INSERT INTO cytrus.node_properties (node_id, key, value) VALUES (66, 'born', '1953');
INSERT INTO cytrus.node_properties (node_id, key, value) VALUES (67, 'LABEL', 'Movie');
INSERT INTO cytrus.node_properties (node_id, key, value) VALUES (67, 'tagline', 'At odds in life... in love on-line.');
INSERT INTO cytrus.node_properties (node_id, key, value) VALUES (67, 'title', 'You''ve Got Mail');
INSERT INTO cytrus.node_properties (node_id, key, value) VALUES (67, 'released', '1998');
INSERT INTO cytrus.node_properties (node_id, key, value) VALUES (68, 'LABEL', 'Person');
INSERT INTO cytrus.node_properties (node_id, key, value) VALUES (68, 'name', 'Parker Posey');
INSERT INTO cytrus.node_properties (node_id, key, value) VALUES (68, 'born', '1968');
INSERT INTO cytrus.node_properties (node_id, key, value) VALUES (69, 'LABEL', 'Person');
INSERT INTO cytrus.node_properties (node_id, key, value) VALUES (69, 'name', 'Dave Chappelle');
INSERT INTO cytrus.node_properties (node_id, key, value) VALUES (69, 'born', '1973');
INSERT INTO cytrus.node_properties (node_id, key, value) VALUES (70, 'LABEL', 'Person');
INSERT INTO cytrus.node_properties (node_id, key, value) VALUES (70, 'name', 'Steve Zahn');
INSERT INTO cytrus.node_properties (node_id, key, value) VALUES (70, 'born', '1967');
INSERT INTO cytrus.node_properties (node_id, key, value) VALUES (71, 'LABEL', 'Person');
INSERT INTO cytrus.node_properties (node_id, key, value) VALUES (71, 'name', 'Tom Hanks');
INSERT INTO cytrus.node_properties (node_id, key, value) VALUES (71, 'born', '1956');
INSERT INTO cytrus.node_properties (node_id, key, value) VALUES (72, 'LABEL', 'Person');
INSERT INTO cytrus.node_properties (node_id, key, value) VALUES (72, 'name', 'Nora Ephron');
INSERT INTO cytrus.node_properties (node_id, key, value) VALUES (72, 'born', '1941');
INSERT INTO cytrus.node_properties (node_id, key, value) VALUES (73, 'LABEL', 'Movie');
INSERT INTO cytrus.node_properties (node_id, key, value) VALUES (73, 'tagline', 'What if someone you never met, someone you never saw, someone you never knew was the only someone for you?');
INSERT INTO cytrus.node_properties (node_id, key, value) VALUES (73, 'title', 'Sleepless in Seattle');
INSERT INTO cytrus.node_properties (node_id, key, value) VALUES (73, 'released', '1993');
INSERT INTO cytrus.node_properties (node_id, key, value) VALUES (74, 'LABEL', 'Person');
INSERT INTO cytrus.node_properties (node_id, key, value) VALUES (74, 'name', 'Rita Wilson');
INSERT INTO cytrus.node_properties (node_id, key, value) VALUES (74, 'born', '1956');
INSERT INTO cytrus.node_properties (node_id, key, value) VALUES (75, 'LABEL', 'Person');
INSERT INTO cytrus.node_properties (node_id, key, value) VALUES (75, 'name', 'Bill Pullman');
INSERT INTO cytrus.node_properties (node_id, key, value) VALUES (75, 'born', '1953');
INSERT INTO cytrus.node_properties (node_id, key, value) VALUES (76, 'LABEL', 'Person');
INSERT INTO cytrus.node_properties (node_id, key, value) VALUES (76, 'name', 'Victor Garber');
INSERT INTO cytrus.node_properties (node_id, key, value) VALUES (76, 'born', '1949');
INSERT INTO cytrus.node_properties (node_id, key, value) VALUES (77, 'LABEL', 'Person');
INSERT INTO cytrus.node_properties (node_id, key, value) VALUES (77, 'name', 'Rosie O''Donnell');
INSERT INTO cytrus.node_properties (node_id, key, value) VALUES (77, 'born', '1962');
INSERT INTO cytrus.node_properties (node_id, key, value) VALUES (78, 'LABEL', 'Movie');
INSERT INTO cytrus.node_properties (node_id, key, value) VALUES (78, 'tagline', 'A story of love, lava and burning desire.');
INSERT INTO cytrus.node_properties (node_id, key, value) VALUES (78, 'title', 'Joe Versus the Volcano');
INSERT INTO cytrus.node_properties (node_id, key, value) VALUES (78, 'released', '1990');
INSERT INTO cytrus.node_properties (node_id, key, value) VALUES (79, 'LABEL', 'Person');
INSERT INTO cytrus.node_properties (node_id, key, value) VALUES (79, 'name', 'John Patrick Stanley');
INSERT INTO cytrus.node_properties (node_id, key, value) VALUES (79, 'born', '1950');
INSERT INTO cytrus.node_properties (node_id, key, value) VALUES (80, 'LABEL', 'Person');
INSERT INTO cytrus.node_properties (node_id, key, value) VALUES (80, 'name', 'Nathan Lane');
INSERT INTO cytrus.node_properties (node_id, key, value) VALUES (80, 'born', '1956');
INSERT INTO cytrus.node_properties (node_id, key, value) VALUES (81, 'LABEL', 'Movie');
INSERT INTO cytrus.node_properties (node_id, key, value) VALUES (81, 'tagline', 'Can two friends sleep together and still love each other in the morning?');
INSERT INTO cytrus.node_properties (node_id, key, value) VALUES (81, 'title', 'When Harry Met Sally');
INSERT INTO cytrus.node_properties (node_id, key, value) VALUES (81, 'released', '1998');
INSERT INTO cytrus.node_properties (node_id, key, value) VALUES (82, 'LABEL', 'Person');
INSERT INTO cytrus.node_properties (node_id, key, value) VALUES (82, 'name', 'Billy Crystal');
INSERT INTO cytrus.node_properties (node_id, key, value) VALUES (82, 'born', '1948');
INSERT INTO cytrus.node_properties (node_id, key, value) VALUES (83, 'LABEL', 'Person');
INSERT INTO cytrus.node_properties (node_id, key, value) VALUES (83, 'name', 'Carrie Fisher');
INSERT INTO cytrus.node_properties (node_id, key, value) VALUES (83, 'born', '1956');
INSERT INTO cytrus.node_properties (node_id, key, value) VALUES (84, 'LABEL', 'Person');
INSERT INTO cytrus.node_properties (node_id, key, value) VALUES (84, 'name', 'Bruno Kirby');
INSERT INTO cytrus.node_properties (node_id, key, value) VALUES (84, 'born', '1949');
INSERT INTO cytrus.node_properties (node_id, key, value) VALUES (85, 'LABEL', 'Movie');
INSERT INTO cytrus.node_properties (node_id, key, value) VALUES (85, 'tagline', 'In every life there comes a time when that thing you dream becomes that thing you do');
INSERT INTO cytrus.node_properties (node_id, key, value) VALUES (85, 'title', 'That Thing You Do');
INSERT INTO cytrus.node_properties (node_id, key, value) VALUES (85, 'released', '1996');
INSERT INTO cytrus.node_properties (node_id, key, value) VALUES (86, 'LABEL', 'Person');
INSERT INTO cytrus.node_properties (node_id, key, value) VALUES (86, 'name', 'Liv Tyler');
INSERT INTO cytrus.node_properties (node_id, key, value) VALUES (86, 'born', '1977');
INSERT INTO cytrus.node_properties (node_id, key, value) VALUES (87, 'LABEL', 'Movie');
INSERT INTO cytrus.node_properties (node_id, key, value) VALUES (87, 'tagline', 'Pain heals, Chicks dig scars... Glory lasts forever');
INSERT INTO cytrus.node_properties (node_id, key, value) VALUES (87, 'title', 'The Replacements');
INSERT INTO cytrus.node_properties (node_id, key, value) VALUES (87, 'released', '2000');
INSERT INTO cytrus.node_properties (node_id, key, value) VALUES (88, 'LABEL', 'Person');
INSERT INTO cytrus.node_properties (node_id, key, value) VALUES (88, 'name', 'Brooke Langton');
INSERT INTO cytrus.node_properties (node_id, key, value) VALUES (88, 'born', '1970');
INSERT INTO cytrus.node_properties (node_id, key, value) VALUES (89, 'LABEL', 'Person');
INSERT INTO cytrus.node_properties (node_id, key, value) VALUES (89, 'name', 'Gene Hackman');
INSERT INTO cytrus.node_properties (node_id, key, value) VALUES (89, 'born', '1930');
INSERT INTO cytrus.node_properties (node_id, key, value) VALUES (90, 'LABEL', 'Person');
INSERT INTO cytrus.node_properties (node_id, key, value) VALUES (90, 'name', 'Orlando Jones');
INSERT INTO cytrus.node_properties (node_id, key, value) VALUES (90, 'born', '1968');
INSERT INTO cytrus.node_properties (node_id, key, value) VALUES (91, 'LABEL', 'Person');
INSERT INTO cytrus.node_properties (node_id, key, value) VALUES (91, 'name', 'Howard Deutch');
INSERT INTO cytrus.node_properties (node_id, key, value) VALUES (91, 'born', '1950');
INSERT INTO cytrus.node_properties (node_id, key, value) VALUES (92, 'LABEL', 'Movie');
INSERT INTO cytrus.node_properties (node_id, key, value) VALUES (92, 'tagline', 'Based on the extraordinary true story of one man''s fight for freedom');
INSERT INTO cytrus.node_properties (node_id, key, value) VALUES (92, 'title', 'RescueDawn');
INSERT INTO cytrus.node_properties (node_id, key, value) VALUES (92, 'released', '2006');
INSERT INTO cytrus.node_properties (node_id, key, value) VALUES (93, 'LABEL', 'Person');
INSERT INTO cytrus.node_properties (node_id, key, value) VALUES (93, 'name', 'Christian Bale');
INSERT INTO cytrus.node_properties (node_id, key, value) VALUES (93, 'born', '1974');
INSERT INTO cytrus.node_properties (node_id, key, value) VALUES (94, 'LABEL', 'Person');
INSERT INTO cytrus.node_properties (node_id, key, value) VALUES (94, 'name', 'Zach Grenier');
INSERT INTO cytrus.node_properties (node_id, key, value) VALUES (94, 'born', '1954');
INSERT INTO cytrus.node_properties (node_id, key, value) VALUES (95, 'LABEL', 'Movie');
INSERT INTO cytrus.node_properties (node_id, key, value) VALUES (95, 'tagline', 'Come as you are');
INSERT INTO cytrus.node_properties (node_id, key, value) VALUES (95, 'title', 'The Birdcage');
INSERT INTO cytrus.node_properties (node_id, key, value) VALUES (95, 'released', '1996');
INSERT INTO cytrus.node_properties (node_id, key, value) VALUES (96, 'LABEL', 'Person');
INSERT INTO cytrus.node_properties (node_id, key, value) VALUES (96, 'name', 'Mike Nichols');
INSERT INTO cytrus.node_properties (node_id, key, value) VALUES (96, 'born', '1931');
INSERT INTO cytrus.node_properties (node_id, key, value) VALUES (97, 'LABEL', 'Movie');
INSERT INTO cytrus.node_properties (node_id, key, value) VALUES (97, 'tagline', 'It''s a hell of a thing, killing a man');
INSERT INTO cytrus.node_properties (node_id, key, value) VALUES (97, 'title', 'Unforgiven');
INSERT INTO cytrus.node_properties (node_id, key, value) VALUES (97, 'released', '1992');
INSERT INTO cytrus.node_properties (node_id, key, value) VALUES (98, 'LABEL', 'Person');
INSERT INTO cytrus.node_properties (node_id, key, value) VALUES (98, 'name', 'Richard Harris');
INSERT INTO cytrus.node_properties (node_id, key, value) VALUES (98, 'born', '1930');
INSERT INTO cytrus.node_properties (node_id, key, value) VALUES (99, 'LABEL', 'Person');
INSERT INTO cytrus.node_properties (node_id, key, value) VALUES (99, 'name', 'Clint Eastwood');
INSERT INTO cytrus.node_properties (node_id, key, value) VALUES (99, 'born', '1930');
INSERT INTO cytrus.node_properties (node_id, key, value) VALUES (100, 'LABEL', 'Movie');
INSERT INTO cytrus.node_properties (node_id, key, value) VALUES (100, 'tagline', 'The hottest data on earth. In the coolest head in town');
INSERT INTO cytrus.node_properties (node_id, key, value) VALUES (100, 'title', 'Johnny Mnemonic');
INSERT INTO cytrus.node_properties (node_id, key, value) VALUES (100, 'released', '1995');
INSERT INTO cytrus.node_properties (node_id, key, value) VALUES (101, 'LABEL', 'Person');
INSERT INTO cytrus.node_properties (node_id, key, value) VALUES (101, 'name', 'Takeshi Kitano');
INSERT INTO cytrus.node_properties (node_id, key, value) VALUES (101, 'born', '1947');
INSERT INTO cytrus.node_properties (node_id, key, value) VALUES (102, 'LABEL', 'Person');
INSERT INTO cytrus.node_properties (node_id, key, value) VALUES (102, 'name', 'Dina Meyer');
INSERT INTO cytrus.node_properties (node_id, key, value) VALUES (102, 'born', '1968');
INSERT INTO cytrus.node_properties (node_id, key, value) VALUES (103, 'LABEL', 'Person');
INSERT INTO cytrus.node_properties (node_id, key, value) VALUES (103, 'name', 'Ice-T');
INSERT INTO cytrus.node_properties (node_id, key, value) VALUES (103, 'born', '1958');
INSERT INTO cytrus.node_properties (node_id, key, value) VALUES (104, 'LABEL', 'Person');
INSERT INTO cytrus.node_properties (node_id, key, value) VALUES (104, 'name', 'Robert Longo');
INSERT INTO cytrus.node_properties (node_id, key, value) VALUES (104, 'born', '1953');
INSERT INTO cytrus.node_properties (node_id, key, value) VALUES (105, 'LABEL', 'Movie');
INSERT INTO cytrus.node_properties (node_id, key, value) VALUES (105, 'tagline', 'Everything is connected');
INSERT INTO cytrus.node_properties (node_id, key, value) VALUES (105, 'title', 'Cloud Atlas');
INSERT INTO cytrus.node_properties (node_id, key, value) VALUES (105, 'released', '2012');
INSERT INTO cytrus.node_properties (node_id, key, value) VALUES (106, 'LABEL', 'Person');
INSERT INTO cytrus.node_properties (node_id, key, value) VALUES (106, 'name', 'Halle Berry');
INSERT INTO cytrus.node_properties (node_id, key, value) VALUES (106, 'born', '1966');
INSERT INTO cytrus.node_properties (node_id, key, value) VALUES (107, 'LABEL', 'Person');
INSERT INTO cytrus.node_properties (node_id, key, value) VALUES (107, 'name', 'Jim Broadbent');
INSERT INTO cytrus.node_properties (node_id, key, value) VALUES (107, 'born', '1949');
INSERT INTO cytrus.node_properties (node_id, key, value) VALUES (108, 'LABEL', 'Person');
INSERT INTO cytrus.node_properties (node_id, key, value) VALUES (108, 'name', 'Tom Tykwer');
INSERT INTO cytrus.node_properties (node_id, key, value) VALUES (108, 'born', '1965');
INSERT INTO cytrus.node_properties (node_id, key, value) VALUES (109, 'LABEL', 'Person');
INSERT INTO cytrus.node_properties (node_id, key, value) VALUES (109, 'name', 'David Mitchell');
INSERT INTO cytrus.node_properties (node_id, key, value) VALUES (109, 'born', '1969');
INSERT INTO cytrus.node_properties (node_id, key, value) VALUES (110, 'LABEL', 'Person');
INSERT INTO cytrus.node_properties (node_id, key, value) VALUES (110, 'name', 'Stefan Arndt');
INSERT INTO cytrus.node_properties (node_id, key, value) VALUES (110, 'born', '1961');
INSERT INTO cytrus.node_properties (node_id, key, value) VALUES (111, 'LABEL', 'Movie');
INSERT INTO cytrus.node_properties (node_id, key, value) VALUES (111, 'tagline', 'Break The Codes');
INSERT INTO cytrus.node_properties (node_id, key, value) VALUES (111, 'title', 'The Da Vinci Code');
INSERT INTO cytrus.node_properties (node_id, key, value) VALUES (111, 'released', '2006');
INSERT INTO cytrus.node_properties (node_id, key, value) VALUES (112, 'LABEL', 'Person');
INSERT INTO cytrus.node_properties (node_id, key, value) VALUES (112, 'name', 'Ian McKellen');
INSERT INTO cytrus.node_properties (node_id, key, value) VALUES (112, 'born', '1939');
INSERT INTO cytrus.node_properties (node_id, key, value) VALUES (113, 'LABEL', 'Person');
INSERT INTO cytrus.node_properties (node_id, key, value) VALUES (113, 'name', 'Audrey Tautou');
INSERT INTO cytrus.node_properties (node_id, key, value) VALUES (113, 'born', '1976');
INSERT INTO cytrus.node_properties (node_id, key, value) VALUES (114, 'LABEL', 'Person');
INSERT INTO cytrus.node_properties (node_id, key, value) VALUES (114, 'name', 'Paul Bettany');
INSERT INTO cytrus.node_properties (node_id, key, value) VALUES (114, 'born', '1971');
INSERT INTO cytrus.node_properties (node_id, key, value) VALUES (115, 'LABEL', 'Person');
INSERT INTO cytrus.node_properties (node_id, key, value) VALUES (115, 'name', 'Ron Howard');
INSERT INTO cytrus.node_properties (node_id, key, value) VALUES (115, 'born', '1954');
INSERT INTO cytrus.node_properties (node_id, key, value) VALUES (116, 'LABEL', 'Movie');
INSERT INTO cytrus.node_properties (node_id, key, value) VALUES (116, 'tagline', 'Freedom! Forever!');
INSERT INTO cytrus.node_properties (node_id, key, value) VALUES (116, 'title', 'V for Vendetta');
INSERT INTO cytrus.node_properties (node_id, key, value) VALUES (116, 'released', '2006');
INSERT INTO cytrus.node_properties (node_id, key, value) VALUES (117, 'LABEL', 'Person');
INSERT INTO cytrus.node_properties (node_id, key, value) VALUES (117, 'name', 'Natalie Portman');
INSERT INTO cytrus.node_properties (node_id, key, value) VALUES (117, 'born', '1981');
INSERT INTO cytrus.node_properties (node_id, key, value) VALUES (118, 'LABEL', 'Person');
INSERT INTO cytrus.node_properties (node_id, key, value) VALUES (118, 'name', 'Stephen Rea');
INSERT INTO cytrus.node_properties (node_id, key, value) VALUES (118, 'born', '1946');
INSERT INTO cytrus.node_properties (node_id, key, value) VALUES (119, 'LABEL', 'Person');
INSERT INTO cytrus.node_properties (node_id, key, value) VALUES (119, 'name', 'John Hurt');
INSERT INTO cytrus.node_properties (node_id, key, value) VALUES (119, 'born', '1940');
INSERT INTO cytrus.node_properties (node_id, key, value) VALUES (120, 'LABEL', 'Person');
INSERT INTO cytrus.node_properties (node_id, key, value) VALUES (120, 'name', 'Ben Miles');
INSERT INTO cytrus.node_properties (node_id, key, value) VALUES (120, 'born', '1967');
INSERT INTO cytrus.node_properties (node_id, key, value) VALUES (121, 'LABEL', 'Movie');
INSERT INTO cytrus.node_properties (node_id, key, value) VALUES (121, 'tagline', 'Speed has no limits');
INSERT INTO cytrus.node_properties (node_id, key, value) VALUES (121, 'title', 'Speed Racer');
INSERT INTO cytrus.node_properties (node_id, key, value) VALUES (121, 'released', '2008');
INSERT INTO cytrus.node_properties (node_id, key, value) VALUES (122, 'LABEL', 'Person');
INSERT INTO cytrus.node_properties (node_id, key, value) VALUES (122, 'name', 'Emile Hirsch');
INSERT INTO cytrus.node_properties (node_id, key, value) VALUES (122, 'born', '1985');
INSERT INTO cytrus.node_properties (node_id, key, value) VALUES (123, 'LABEL', 'Person');
INSERT INTO cytrus.node_properties (node_id, key, value) VALUES (123, 'name', 'John Goodman');
INSERT INTO cytrus.node_properties (node_id, key, value) VALUES (123, 'born', '1960');
INSERT INTO cytrus.node_properties (node_id, key, value) VALUES (124, 'LABEL', 'Person');
INSERT INTO cytrus.node_properties (node_id, key, value) VALUES (124, 'name', 'Susan Sarandon');
INSERT INTO cytrus.node_properties (node_id, key, value) VALUES (124, 'born', '1946');
INSERT INTO cytrus.node_properties (node_id, key, value) VALUES (125, 'LABEL', 'Person');
INSERT INTO cytrus.node_properties (node_id, key, value) VALUES (125, 'name', 'Matthew Fox');
INSERT INTO cytrus.node_properties (node_id, key, value) VALUES (125, 'born', '1966');
INSERT INTO cytrus.node_properties (node_id, key, value) VALUES (126, 'LABEL', 'Person');
INSERT INTO cytrus.node_properties (node_id, key, value) VALUES (126, 'name', 'Christina Ricci');
INSERT INTO cytrus.node_properties (node_id, key, value) VALUES (126, 'born', '1980');
INSERT INTO cytrus.node_properties (node_id, key, value) VALUES (127, 'LABEL', 'Person');
INSERT INTO cytrus.node_properties (node_id, key, value) VALUES (127, 'name', 'Rain');
INSERT INTO cytrus.node_properties (node_id, key, value) VALUES (127, 'born', '1982');
INSERT INTO cytrus.node_properties (node_id, key, value) VALUES (128, 'LABEL', 'Movie');
INSERT INTO cytrus.node_properties (node_id, key, value) VALUES (128, 'tagline', 'Prepare to enter a secret world of assassins');
INSERT INTO cytrus.node_properties (node_id, key, value) VALUES (128, 'title', 'Ninja Assassin');
INSERT INTO cytrus.node_properties (node_id, key, value) VALUES (128, 'released', '2009');
INSERT INTO cytrus.node_properties (node_id, key, value) VALUES (129, 'LABEL', 'Person');
INSERT INTO cytrus.node_properties (node_id, key, value) VALUES (129, 'name', 'Naomie Harris');
INSERT INTO cytrus.node_properties (node_id, key, value) VALUES (130, 'LABEL', 'Movie');
INSERT INTO cytrus.node_properties (node_id, key, value) VALUES (130, 'tagline', 'Walk a mile you''ll never forget.');
INSERT INTO cytrus.node_properties (node_id, key, value) VALUES (130, 'title', 'The Green Mile');
INSERT INTO cytrus.node_properties (node_id, key, value) VALUES (130, 'released', '1999');
INSERT INTO cytrus.node_properties (node_id, key, value) VALUES (131, 'LABEL', 'Person');
INSERT INTO cytrus.node_properties (node_id, key, value) VALUES (131, 'name', 'Michael Clarke Duncan');
INSERT INTO cytrus.node_properties (node_id, key, value) VALUES (131, 'born', '1957');
INSERT INTO cytrus.node_properties (node_id, key, value) VALUES (132, 'LABEL', 'Person');
INSERT INTO cytrus.node_properties (node_id, key, value) VALUES (132, 'name', 'David Morse');
INSERT INTO cytrus.node_properties (node_id, key, value) VALUES (132, 'born', '1953');
INSERT INTO cytrus.node_properties (node_id, key, value) VALUES (133, 'LABEL', 'Person');
INSERT INTO cytrus.node_properties (node_id, key, value) VALUES (133, 'name', 'Sam Rockwell');
INSERT INTO cytrus.node_properties (node_id, key, value) VALUES (133, 'born', '1968');
INSERT INTO cytrus.node_properties (node_id, key, value) VALUES (134, 'LABEL', 'Person');
INSERT INTO cytrus.node_properties (node_id, key, value) VALUES (134, 'name', 'Gary Sinise');
INSERT INTO cytrus.node_properties (node_id, key, value) VALUES (134, 'born', '1955');
INSERT INTO cytrus.node_properties (node_id, key, value) VALUES (135, 'LABEL', 'Person');
INSERT INTO cytrus.node_properties (node_id, key, value) VALUES (135, 'name', 'Patricia Clarkson');
INSERT INTO cytrus.node_properties (node_id, key, value) VALUES (135, 'born', '1959');
INSERT INTO cytrus.node_properties (node_id, key, value) VALUES (136, 'LABEL', 'Person');
INSERT INTO cytrus.node_properties (node_id, key, value) VALUES (136, 'name', 'Frank Darabont');
INSERT INTO cytrus.node_properties (node_id, key, value) VALUES (136, 'born', '1959');
INSERT INTO cytrus.node_properties (node_id, key, value) VALUES (137, 'LABEL', 'Movie');
INSERT INTO cytrus.node_properties (node_id, key, value) VALUES (137, 'tagline', '400 million people were waiting for the truth.');
INSERT INTO cytrus.node_properties (node_id, key, value) VALUES (137, 'title', 'Frost/Nixon');
INSERT INTO cytrus.node_properties (node_id, key, value) VALUES (137, 'released', '2008');
INSERT INTO cytrus.node_properties (node_id, key, value) VALUES (138, 'LABEL', 'Person');
INSERT INTO cytrus.node_properties (node_id, key, value) VALUES (138, 'name', 'Frank Langella');
INSERT INTO cytrus.node_properties (node_id, key, value) VALUES (138, 'born', '1938');
INSERT INTO cytrus.node_properties (node_id, key, value) VALUES (139, 'LABEL', 'Person');
INSERT INTO cytrus.node_properties (node_id, key, value) VALUES (139, 'name', 'Michael Sheen');
INSERT INTO cytrus.node_properties (node_id, key, value) VALUES (139, 'born', '1969');
INSERT INTO cytrus.node_properties (node_id, key, value) VALUES (140, 'LABEL', 'Person');
INSERT INTO cytrus.node_properties (node_id, key, value) VALUES (140, 'name', 'Oliver Platt');
INSERT INTO cytrus.node_properties (node_id, key, value) VALUES (140, 'born', '1960');
INSERT INTO cytrus.node_properties (node_id, key, value) VALUES (141, 'LABEL', 'Movie');
INSERT INTO cytrus.node_properties (node_id, key, value) VALUES (141, 'tagline', 'He didn''t want law. He wanted justice.');
INSERT INTO cytrus.node_properties (node_id, key, value) VALUES (141, 'title', 'Hoffa');
INSERT INTO cytrus.node_properties (node_id, key, value) VALUES (141, 'released', '1992');
INSERT INTO cytrus.node_properties (node_id, key, value) VALUES (142, 'LABEL', 'Person');
INSERT INTO cytrus.node_properties (node_id, key, value) VALUES (142, 'name', 'Danny DeVito');
INSERT INTO cytrus.node_properties (node_id, key, value) VALUES (142, 'born', '1944');
INSERT INTO cytrus.node_properties (node_id, key, value) VALUES (143, 'LABEL', 'Person');
INSERT INTO cytrus.node_properties (node_id, key, value) VALUES (143, 'name', 'John C. Reilly');
INSERT INTO cytrus.node_properties (node_id, key, value) VALUES (143, 'born', '1965');
INSERT INTO cytrus.node_properties (node_id, key, value) VALUES (144, 'LABEL', 'Movie');
INSERT INTO cytrus.node_properties (node_id, key, value) VALUES (144, 'tagline', 'Houston, we have a problem.');
INSERT INTO cytrus.node_properties (node_id, key, value) VALUES (144, 'title', 'Apollo 13');
INSERT INTO cytrus.node_properties (node_id, key, value) VALUES (144, 'released', '1995');
INSERT INTO cytrus.node_properties (node_id, key, value) VALUES (145, 'LABEL', 'Person');
INSERT INTO cytrus.node_properties (node_id, key, value) VALUES (145, 'name', 'Ed Harris');
INSERT INTO cytrus.node_properties (node_id, key, value) VALUES (145, 'born', '1950');
INSERT INTO cytrus.node_properties (node_id, key, value) VALUES (146, 'LABEL', 'Person');
INSERT INTO cytrus.node_properties (node_id, key, value) VALUES (146, 'name', 'Bill Paxton');
INSERT INTO cytrus.node_properties (node_id, key, value) VALUES (146, 'born', '1955');
INSERT INTO cytrus.node_properties (node_id, key, value) VALUES (147, 'LABEL', 'Movie');
INSERT INTO cytrus.node_properties (node_id, key, value) VALUES (147, 'tagline', 'Don''t Breathe. Don''t Look Back.');
INSERT INTO cytrus.node_properties (node_id, key, value) VALUES (147, 'title', 'Twister');
INSERT INTO cytrus.node_properties (node_id, key, value) VALUES (147, 'released', '1996');
INSERT INTO cytrus.node_properties (node_id, key, value) VALUES (148, 'LABEL', 'Person');
INSERT INTO cytrus.node_properties (node_id, key, value) VALUES (148, 'name', 'Philip Seymour Hoffman');
INSERT INTO cytrus.node_properties (node_id, key, value) VALUES (148, 'born', '1967');
INSERT INTO cytrus.node_properties (node_id, key, value) VALUES (149, 'LABEL', 'Person');
INSERT INTO cytrus.node_properties (node_id, key, value) VALUES (149, 'name', 'Jan de Bont');
INSERT INTO cytrus.node_properties (node_id, key, value) VALUES (149, 'born', '1943');
INSERT INTO cytrus.node_properties (node_id, key, value) VALUES (150, 'LABEL', 'Movie');
INSERT INTO cytrus.node_properties (node_id, key, value) VALUES (150, 'tagline', 'At the edge of the world, his journey begins.');
INSERT INTO cytrus.node_properties (node_id, key, value) VALUES (150, 'title', 'Cast Away');
INSERT INTO cytrus.node_properties (node_id, key, value) VALUES (150, 'released', '2000');
INSERT INTO cytrus.node_properties (node_id, key, value) VALUES (151, 'LABEL', 'Person');
INSERT INTO cytrus.node_properties (node_id, key, value) VALUES (151, 'name', 'Robert Zemeckis');
INSERT INTO cytrus.node_properties (node_id, key, value) VALUES (151, 'born', '1951');
INSERT INTO cytrus.node_properties (node_id, key, value) VALUES (152, 'LABEL', 'Movie');
INSERT INTO cytrus.node_properties (node_id, key, value) VALUES (152, 'tagline', 'If he''s crazy, what does that make you?');
INSERT INTO cytrus.node_properties (node_id, key, value) VALUES (152, 'title', 'One Flew Over the Cuckoo''s Nest');
INSERT INTO cytrus.node_properties (node_id, key, value) VALUES (152, 'released', '1975');
INSERT INTO cytrus.node_properties (node_id, key, value) VALUES (153, 'LABEL', 'Person');
INSERT INTO cytrus.node_properties (node_id, key, value) VALUES (153, 'name', 'Milos Forman');
INSERT INTO cytrus.node_properties (node_id, key, value) VALUES (153, 'born', '1932');
INSERT INTO cytrus.node_properties (node_id, key, value) VALUES (154, 'LABEL', 'Movie');
INSERT INTO cytrus.node_properties (node_id, key, value) VALUES (154, 'title', 'Something''s Gotta Give');
INSERT INTO cytrus.node_properties (node_id, key, value) VALUES (154, 'released', '2003');
INSERT INTO cytrus.node_properties (node_id, key, value) VALUES (155, 'LABEL', 'Person');
INSERT INTO cytrus.node_properties (node_id, key, value) VALUES (155, 'name', 'Diane Keaton');
INSERT INTO cytrus.node_properties (node_id, key, value) VALUES (155, 'born', '1946');
INSERT INTO cytrus.node_properties (node_id, key, value) VALUES (156, 'LABEL', 'Person');
INSERT INTO cytrus.node_properties (node_id, key, value) VALUES (156, 'name', 'Nancy Meyers');
INSERT INTO cytrus.node_properties (node_id, key, value) VALUES (156, 'born', '1949');
INSERT INTO cytrus.node_properties (node_id, key, value) VALUES (157, 'LABEL', 'Movie');
INSERT INTO cytrus.node_properties (node_id, key, value) VALUES (157, 'tagline', 'One robot''s 200 year journey to become an ordinary man.');
INSERT INTO cytrus.node_properties (node_id, key, value) VALUES (157, 'title', 'Bicentennial Man');
INSERT INTO cytrus.node_properties (node_id, key, value) VALUES (157, 'released', '1999');
INSERT INTO cytrus.node_properties (node_id, key, value) VALUES (158, 'LABEL', 'Person');
INSERT INTO cytrus.node_properties (node_id, key, value) VALUES (158, 'name', 'Chris Columbus');
INSERT INTO cytrus.node_properties (node_id, key, value) VALUES (158, 'born', '1958');
INSERT INTO cytrus.node_properties (node_id, key, value) VALUES (159, 'LABEL', 'Movie');
INSERT INTO cytrus.node_properties (node_id, key, value) VALUES (159, 'tagline', 'A stiff drink. A little mascara. A lot of nerve. Who said they couldn''t bring down the Soviet empire.');
INSERT INTO cytrus.node_properties (node_id, key, value) VALUES (159, 'title', 'Charlie Wilson''s War');
INSERT INTO cytrus.node_properties (node_id, key, value) VALUES (159, 'released', '2007');
INSERT INTO cytrus.node_properties (node_id, key, value) VALUES (160, 'LABEL', 'Person');
INSERT INTO cytrus.node_properties (node_id, key, value) VALUES (160, 'name', 'Julia Roberts');
INSERT INTO cytrus.node_properties (node_id, key, value) VALUES (160, 'born', '1967');
INSERT INTO cytrus.node_properties (node_id, key, value) VALUES (161, 'LABEL', 'Movie');
INSERT INTO cytrus.node_properties (node_id, key, value) VALUES (161, 'tagline', 'This Holiday Season Believe');
INSERT INTO cytrus.node_properties (node_id, key, value) VALUES (161, 'title', 'The Polar Express');
INSERT INTO cytrus.node_properties (node_id, key, value) VALUES (161, 'released', '2004');
INSERT INTO cytrus.node_properties (node_id, key, value) VALUES (162, 'LABEL', 'Movie');
INSERT INTO cytrus.node_properties (node_id, key, value) VALUES (162, 'tagline', 'Once in a lifetime you get a chance to do something different.');
INSERT INTO cytrus.node_properties (node_id, key, value) VALUES (162, 'title', 'A League of Their Own');
INSERT INTO cytrus.node_properties (node_id, key, value) VALUES (162, 'released', '1992');
INSERT INTO cytrus.node_properties (node_id, key, value) VALUES (163, 'LABEL', 'Person');
INSERT INTO cytrus.node_properties (node_id, key, value) VALUES (163, 'name', 'Madonna');
INSERT INTO cytrus.node_properties (node_id, key, value) VALUES (163, 'born', '1954');
INSERT INTO cytrus.node_properties (node_id, key, value) VALUES (164, 'LABEL', 'Person');
INSERT INTO cytrus.node_properties (node_id, key, value) VALUES (164, 'name', 'Geena Davis');
INSERT INTO cytrus.node_properties (node_id, key, value) VALUES (164, 'born', '1956');
INSERT INTO cytrus.node_properties (node_id, key, value) VALUES (165, 'LABEL', 'Person');
INSERT INTO cytrus.node_properties (node_id, key, value) VALUES (165, 'name', 'Lori Petty');
INSERT INTO cytrus.node_properties (node_id, key, value) VALUES (165, 'born', '1963');
INSERT INTO cytrus.node_properties (node_id, key, value) VALUES (166, 'LABEL', 'Person');
INSERT INTO cytrus.node_properties (node_id, key, value) VALUES (166, 'name', 'Penny Marshall');
INSERT INTO cytrus.node_properties (node_id, key, value) VALUES (166, 'born', '1943');
INSERT INTO cytrus.node_properties (node_id, key, value) VALUES (167, 'LABEL', 'Person');
INSERT INTO cytrus.node_properties (node_id, key, value) VALUES (167, 'name', 'Paul Blythe');
INSERT INTO cytrus.node_properties (node_id, key, value) VALUES (168, 'LABEL', 'Person');
INSERT INTO cytrus.node_properties (node_id, key, value) VALUES (168, 'name', 'Angela Scope');
INSERT INTO cytrus.node_properties (node_id, key, value) VALUES (169, 'LABEL', 'Person');
INSERT INTO cytrus.node_properties (node_id, key, value) VALUES (169, 'name', 'Jessica Thompson');
INSERT INTO cytrus.node_properties (node_id, key, value) VALUES (170, 'LABEL', 'Person');
INSERT INTO cytrus.node_properties (node_id, key, value) VALUES (170, 'name', 'James Thompson');
INSERT INTO cytrus.node_properties (node_id, key, value) VALUES (171, 'LABEL', 'Greeting');
INSERT INTO cytrus.node_properties (node_id, key, value) VALUES (171, 'message', 'hello, world');
INSERT INTO cytrus.node_properties (node_id, key, value) VALUES (172, 'LABEL', 'Greeting');
INSERT INTO cytrus.node_properties (node_id, key, value) VALUES (172, 'message', 'hello, world');
INSERT INTO cytrus.node_properties (node_id, key, value) VALUES (173, 'LABEL', 'Greeting');
INSERT INTO cytrus.node_properties (node_id, key, value) VALUES (173, 'message', 'hello, world');
INSERT INTO cytrus.node_properties (node_id, key, value) VALUES (174, 'LABEL', 'Greeting');
INSERT INTO cytrus.node_properties (node_id, key, value) VALUES (174, 'message', 'hello, world');
INSERT INTO cytrus.node_properties (node_id, key, value) VALUES (175, 'LABEL', 'Person');
INSERT INTO cytrus.node_properties (node_id, key, value) VALUES (175, 'LABEL', 'Swedish');
INSERT INTO cytrus.node_properties (node_id, key, value) VALUES (175, 'name', 'Some guy');
INSERT INTO cytrus.node_properties (node_id, key, value) VALUES (176, 'LABEL', 'Person');
INSERT INTO cytrus.node_properties (node_id, key, value) VALUES (176, 'name', 'Test');
INSERT INTO cytrus.node_properties (node_id, key, value) VALUES (177, 'LABEL', 'Person');
INSERT INTO cytrus.node_properties (node_id, key, value) VALUES (177, 'LABEL', 'Swedish');
INSERT INTO cytrus.node_properties (node_id, key, value) VALUES (177, 'name', 'Test');

-- CONNECTIONS
INSERT INTO cytrus.connections (id, target_id, source_id) VALUES (6, 0, 7);
INSERT INTO cytrus.connections (id, target_id, source_id) VALUES (7, 0, 8);
INSERT INTO cytrus.connections (id, target_id, source_id) VALUES (2, 0, 3);
INSERT INTO cytrus.connections (id, target_id, source_id) VALUES (5, 0, 6);
INSERT INTO cytrus.connections (id, target_id, source_id) VALUES (3, 0, 4);
INSERT INTO cytrus.connections (id, target_id, source_id) VALUES (4, 0, 5);
INSERT INTO cytrus.connections (id, target_id, source_id) VALUES (1, 0, 2);
INSERT INTO cytrus.connections (id, target_id, source_id) VALUES (0, 0, 1);
INSERT INTO cytrus.connections (id, target_id, source_id) VALUES (8, 9, 1);
INSERT INTO cytrus.connections (id, target_id, source_id) VALUES (11, 9, 4);
INSERT INTO cytrus.connections (id, target_id, source_id) VALUES (10, 9, 3);
INSERT INTO cytrus.connections (id, target_id, source_id) VALUES (12, 9, 5);
INSERT INTO cytrus.connections (id, target_id, source_id) VALUES (9, 9, 2);
INSERT INTO cytrus.connections (id, target_id, source_id) VALUES (14, 9, 7);
INSERT INTO cytrus.connections (id, target_id, source_id) VALUES (13, 9, 6);
INSERT INTO cytrus.connections (id, target_id, source_id) VALUES (20, 10, 6);
INSERT INTO cytrus.connections (id, target_id, source_id) VALUES (15, 10, 1);
INSERT INTO cytrus.connections (id, target_id, source_id) VALUES (18, 10, 4);
INSERT INTO cytrus.connections (id, target_id, source_id) VALUES (16, 10, 2);
INSERT INTO cytrus.connections (id, target_id, source_id) VALUES (19, 10, 5);
INSERT INTO cytrus.connections (id, target_id, source_id) VALUES (21, 10, 7);
INSERT INTO cytrus.connections (id, target_id, source_id) VALUES (17, 10, 3);
INSERT INTO cytrus.connections (id, target_id, source_id) VALUES (23, 11, 12);
INSERT INTO cytrus.connections (id, target_id, source_id) VALUES (22, 11, 1);
INSERT INTO cytrus.connections (id, target_id, source_id) VALUES (25, 11, 14);
INSERT INTO cytrus.connections (id, target_id, source_id) VALUES (24, 11, 13);
INSERT INTO cytrus.connections (id, target_id, source_id) VALUES (37, 15, 28);
INSERT INTO cytrus.connections (id, target_id, source_id) VALUES (27, 15, 17);
INSERT INTO cytrus.connections (id, target_id, source_id) VALUES (33, 15, 23);
INSERT INTO cytrus.connections (id, target_id, source_id) VALUES (32, 15, 22);
INSERT INTO cytrus.connections (id, target_id, source_id) VALUES (28, 15, 18);
INSERT INTO cytrus.connections (id, target_id, source_id) VALUES (26, 15, 16);
INSERT INTO cytrus.connections (id, target_id, source_id) VALUES (35, 15, 25);
INSERT INTO cytrus.connections (id, target_id, source_id) VALUES (29, 15, 19);
INSERT INTO cytrus.connections (id, target_id, source_id) VALUES (30, 15, 20);
INSERT INTO cytrus.connections (id, target_id, source_id) VALUES (39, 15, 28);
INSERT INTO cytrus.connections (id, target_id, source_id) VALUES (36, 15, 26);
INSERT INTO cytrus.connections (id, target_id, source_id) VALUES (38, 15, 27);
INSERT INTO cytrus.connections (id, target_id, source_id) VALUES (34, 15, 24);
INSERT INTO cytrus.connections (id, target_id, source_id) VALUES (31, 15, 21);
INSERT INTO cytrus.connections (id, target_id, source_id) VALUES (41, 29, 30);
INSERT INTO cytrus.connections (id, target_id, source_id) VALUES (43, 29, 32);
INSERT INTO cytrus.connections (id, target_id, source_id) VALUES (40, 29, 16);
INSERT INTO cytrus.connections (id, target_id, source_id) VALUES (45, 29, 34);
INSERT INTO cytrus.connections (id, target_id, source_id) VALUES (46, 29, 35);
INSERT INTO cytrus.connections (id, target_id, source_id) VALUES (44, 29, 33);
INSERT INTO cytrus.connections (id, target_id, source_id) VALUES (47, 29, 36);
INSERT INTO cytrus.connections (id, target_id, source_id) VALUES (42, 29, 31);
INSERT INTO cytrus.connections (id, target_id, source_id) VALUES (55, 37, 43);
INSERT INTO cytrus.connections (id, target_id, source_id) VALUES (48, 37, 16);
INSERT INTO cytrus.connections (id, target_id, source_id) VALUES (54, 37, 42);
INSERT INTO cytrus.connections (id, target_id, source_id) VALUES (58, 37, 45);
INSERT INTO cytrus.connections (id, target_id, source_id) VALUES (56, 37, 44);
INSERT INTO cytrus.connections (id, target_id, source_id) VALUES (52, 37, 40);
INSERT INTO cytrus.connections (id, target_id, source_id) VALUES (49, 37, 22);
INSERT INTO cytrus.connections (id, target_id, source_id) VALUES (53, 37, 41);
INSERT INTO cytrus.connections (id, target_id, source_id) VALUES (51, 37, 39);
INSERT INTO cytrus.connections (id, target_id, source_id) VALUES (57, 37, 45);
INSERT INTO cytrus.connections (id, target_id, source_id) VALUES (59, 37, 45);
INSERT INTO cytrus.connections (id, target_id, source_id) VALUES (50, 37, 38);
INSERT INTO cytrus.connections (id, target_id, source_id) VALUES (252, 37, 169);
INSERT INTO cytrus.connections (id, target_id, source_id) VALUES (63, 46, 48);
INSERT INTO cytrus.connections (id, target_id, source_id) VALUES (65, 46, 20);
INSERT INTO cytrus.connections (id, target_id, source_id) VALUES (64, 46, 50);
INSERT INTO cytrus.connections (id, target_id, source_id) VALUES (62, 46, 40);
INSERT INTO cytrus.connections (id, target_id, source_id) VALUES (60, 46, 49);
INSERT INTO cytrus.connections (id, target_id, source_id) VALUES (61, 46, 47);
INSERT INTO cytrus.connections (id, target_id, source_id) VALUES (66, 46, 51);
INSERT INTO cytrus.connections (id, target_id, source_id) VALUES (67, 46, 27);
INSERT INTO cytrus.connections (id, target_id, source_id) VALUES (68, 52, 17);
INSERT INTO cytrus.connections (id, target_id, source_id) VALUES (69, 52, 53);
INSERT INTO cytrus.connections (id, target_id, source_id) VALUES (72, 52, 55);
INSERT INTO cytrus.connections (id, target_id, source_id) VALUES (71, 52, 22);
INSERT INTO cytrus.connections (id, target_id, source_id) VALUES (70, 52, 54);
INSERT INTO cytrus.connections (id, target_id, source_id) VALUES (74, 56, 22);
INSERT INTO cytrus.connections (id, target_id, source_id) VALUES (73, 56, 60);
INSERT INTO cytrus.connections (id, target_id, source_id) VALUES (78, 56, 61);
INSERT INTO cytrus.connections (id, target_id, source_id) VALUES (77, 56, 59);
INSERT INTO cytrus.connections (id, target_id, source_id) VALUES (76, 56, 58);
INSERT INTO cytrus.connections (id, target_id, source_id) VALUES (75, 56, 57);
INSERT INTO cytrus.connections (id, target_id, source_id) VALUES (80, 62, 64);
INSERT INTO cytrus.connections (id, target_id, source_id) VALUES (82, 62, 65);
INSERT INTO cytrus.connections (id, target_id, source_id) VALUES (79, 62, 63);
INSERT INTO cytrus.connections (id, target_id, source_id) VALUES (81, 62, 58);
INSERT INTO cytrus.connections (id, target_id, source_id) VALUES (83, 62, 66);
INSERT INTO cytrus.connections (id, target_id, source_id) VALUES (86, 67, 54);
INSERT INTO cytrus.connections (id, target_id, source_id) VALUES (87, 67, 68);
INSERT INTO cytrus.connections (id, target_id, source_id) VALUES (85, 67, 34);
INSERT INTO cytrus.connections (id, target_id, source_id) VALUES (89, 67, 70);
INSERT INTO cytrus.connections (id, target_id, source_id) VALUES (90, 67, 72);
INSERT INTO cytrus.connections (id, target_id, source_id) VALUES (84, 67, 71);
INSERT INTO cytrus.connections (id, target_id, source_id) VALUES (88, 67, 69);
INSERT INTO cytrus.connections (id, target_id, source_id) VALUES (91, 73, 71);
INSERT INTO cytrus.connections (id, target_id, source_id) VALUES (95, 73, 76);
INSERT INTO cytrus.connections (id, target_id, source_id) VALUES (93, 73, 74);
INSERT INTO cytrus.connections (id, target_id, source_id) VALUES (97, 73, 72);
INSERT INTO cytrus.connections (id, target_id, source_id) VALUES (92, 73, 34);
INSERT INTO cytrus.connections (id, target_id, source_id) VALUES (94, 73, 75);
INSERT INTO cytrus.connections (id, target_id, source_id) VALUES (96, 73, 77);
INSERT INTO cytrus.connections (id, target_id, source_id) VALUES (101, 78, 79);
INSERT INTO cytrus.connections (id, target_id, source_id) VALUES (98, 78, 71);
INSERT INTO cytrus.connections (id, target_id, source_id) VALUES (100, 78, 80);
INSERT INTO cytrus.connections (id, target_id, source_id) VALUES (99, 78, 34);
INSERT INTO cytrus.connections (id, target_id, source_id) VALUES (102, 81, 82);
INSERT INTO cytrus.connections (id, target_id, source_id) VALUES (108, 81, 72);
INSERT INTO cytrus.connections (id, target_id, source_id) VALUES (103, 81, 34);
INSERT INTO cytrus.connections (id, target_id, source_id) VALUES (105, 81, 84);
INSERT INTO cytrus.connections (id, target_id, source_id) VALUES (106, 81, 27);
INSERT INTO cytrus.connections (id, target_id, source_id) VALUES (107, 81, 27);
INSERT INTO cytrus.connections (id, target_id, source_id) VALUES (104, 81, 83);
INSERT INTO cytrus.connections (id, target_id, source_id) VALUES (109, 81, 72);
INSERT INTO cytrus.connections (id, target_id, source_id) VALUES (110, 85, 71);
INSERT INTO cytrus.connections (id, target_id, source_id) VALUES (111, 85, 86);
INSERT INTO cytrus.connections (id, target_id, source_id) VALUES (112, 85, 12);
INSERT INTO cytrus.connections (id, target_id, source_id) VALUES (113, 85, 71);
INSERT INTO cytrus.connections (id, target_id, source_id) VALUES (118, 87, 91);
INSERT INTO cytrus.connections (id, target_id, source_id) VALUES (114, 87, 1);
INSERT INTO cytrus.connections (id, target_id, source_id) VALUES (116, 87, 89);
INSERT INTO cytrus.connections (id, target_id, source_id) VALUES (247, 87, 168);
INSERT INTO cytrus.connections (id, target_id, source_id) VALUES (246, 87, 170);
INSERT INTO cytrus.connections (id, target_id, source_id) VALUES (245, 87, 169);
INSERT INTO cytrus.connections (id, target_id, source_id) VALUES (117, 87, 90);
INSERT INTO cytrus.connections (id, target_id, source_id) VALUES (115, 87, 88);
INSERT INTO cytrus.connections (id, target_id, source_id) VALUES (122, 92, 70);
INSERT INTO cytrus.connections (id, target_id, source_id) VALUES (123, 92, 59);
INSERT INTO cytrus.connections (id, target_id, source_id) VALUES (120, 92, 93);
INSERT INTO cytrus.connections (id, target_id, source_id) VALUES (119, 92, 51);
INSERT INTO cytrus.connections (id, target_id, source_id) VALUES (121, 92, 94);
INSERT INTO cytrus.connections (id, target_id, source_id) VALUES (126, 95, 89);
INSERT INTO cytrus.connections (id, target_id, source_id) VALUES (124, 95, 60);
INSERT INTO cytrus.connections (id, target_id, source_id) VALUES (125, 95, 80);
INSERT INTO cytrus.connections (id, target_id, source_id) VALUES (127, 95, 96);
INSERT INTO cytrus.connections (id, target_id, source_id) VALUES (249, 95, 169);
INSERT INTO cytrus.connections (id, target_id, source_id) VALUES (131, 97, 99);
INSERT INTO cytrus.connections (id, target_id, source_id) VALUES (248, 97, 169);
INSERT INTO cytrus.connections (id, target_id, source_id) VALUES (130, 97, 89);
INSERT INTO cytrus.connections (id, target_id, source_id) VALUES (128, 97, 98);
INSERT INTO cytrus.connections (id, target_id, source_id) VALUES (129, 97, 99);
INSERT INTO cytrus.connections (id, target_id, source_id) VALUES (136, 100, 104);
INSERT INTO cytrus.connections (id, target_id, source_id) VALUES (134, 100, 102);
INSERT INTO cytrus.connections (id, target_id, source_id) VALUES (135, 100, 103);
INSERT INTO cytrus.connections (id, target_id, source_id) VALUES (132, 100, 1);
INSERT INTO cytrus.connections (id, target_id, source_id) VALUES (133, 100, 101);
INSERT INTO cytrus.connections (id, target_id, source_id) VALUES (138, 105, 4);
INSERT INTO cytrus.connections (id, target_id, source_id) VALUES (137, 105, 71);
INSERT INTO cytrus.connections (id, target_id, source_id) VALUES (141, 105, 108);
INSERT INTO cytrus.connections (id, target_id, source_id) VALUES (140, 105, 107);
INSERT INTO cytrus.connections (id, target_id, source_id) VALUES (143, 105, 6);
INSERT INTO cytrus.connections (id, target_id, source_id) VALUES (244, 105, 169);
INSERT INTO cytrus.connections (id, target_id, source_id) VALUES (142, 105, 5);
INSERT INTO cytrus.connections (id, target_id, source_id) VALUES (144, 105, 109);
INSERT INTO cytrus.connections (id, target_id, source_id) VALUES (145, 105, 110);
INSERT INTO cytrus.connections (id, target_id, source_id) VALUES (139, 105, 106);
INSERT INTO cytrus.connections (id, target_id, source_id) VALUES (146, 111, 71);
INSERT INTO cytrus.connections (id, target_id, source_id) VALUES (150, 111, 115);
INSERT INTO cytrus.connections (id, target_id, source_id) VALUES (149, 111, 114);
INSERT INTO cytrus.connections (id, target_id, source_id) VALUES (148, 111, 113);
INSERT INTO cytrus.connections (id, target_id, source_id) VALUES (251, 111, 170);
INSERT INTO cytrus.connections (id, target_id, source_id) VALUES (250, 111, 169);
INSERT INTO cytrus.connections (id, target_id, source_id) VALUES (147, 111, 112);
INSERT INTO cytrus.connections (id, target_id, source_id) VALUES (151, 116, 4);
INSERT INTO cytrus.connections (id, target_id, source_id) VALUES (157, 116, 5);
INSERT INTO cytrus.connections (id, target_id, source_id) VALUES (152, 116, 117);
INSERT INTO cytrus.connections (id, target_id, source_id) VALUES (158, 116, 6);
INSERT INTO cytrus.connections (id, target_id, source_id) VALUES (159, 116, 7);
INSERT INTO cytrus.connections (id, target_id, source_id) VALUES (153, 116, 118);
INSERT INTO cytrus.connections (id, target_id, source_id) VALUES (154, 116, 119);
INSERT INTO cytrus.connections (id, target_id, source_id) VALUES (161, 116, 6);
INSERT INTO cytrus.connections (id, target_id, source_id) VALUES (160, 116, 5);
INSERT INTO cytrus.connections (id, target_id, source_id) VALUES (156, 116, 25);
INSERT INTO cytrus.connections (id, target_id, source_id) VALUES (155, 116, 120);
INSERT INTO cytrus.connections (id, target_id, source_id) VALUES (167, 121, 127);
INSERT INTO cytrus.connections (id, target_id, source_id) VALUES (172, 121, 6);
INSERT INTO cytrus.connections (id, target_id, source_id) VALUES (164, 121, 124);
INSERT INTO cytrus.connections (id, target_id, source_id) VALUES (171, 121, 5);
INSERT INTO cytrus.connections (id, target_id, source_id) VALUES (166, 121, 126);
INSERT INTO cytrus.connections (id, target_id, source_id) VALUES (170, 121, 6);
INSERT INTO cytrus.connections (id, target_id, source_id) VALUES (165, 121, 125);
INSERT INTO cytrus.connections (id, target_id, source_id) VALUES (162, 121, 122);
INSERT INTO cytrus.connections (id, target_id, source_id) VALUES (168, 121, 120);
INSERT INTO cytrus.connections (id, target_id, source_id) VALUES (163, 121, 123);
INSERT INTO cytrus.connections (id, target_id, source_id) VALUES (173, 121, 7);
INSERT INTO cytrus.connections (id, target_id, source_id) VALUES (169, 121, 5);
INSERT INTO cytrus.connections (id, target_id, source_id) VALUES (180, 128, 6);
INSERT INTO cytrus.connections (id, target_id, source_id) VALUES (176, 128, 64);
INSERT INTO cytrus.connections (id, target_id, source_id) VALUES (178, 128, 25);
INSERT INTO cytrus.connections (id, target_id, source_id) VALUES (179, 128, 5);
INSERT INTO cytrus.connections (id, target_id, source_id) VALUES (177, 128, 120);
INSERT INTO cytrus.connections (id, target_id, source_id) VALUES (174, 128, 127);
INSERT INTO cytrus.connections (id, target_id, source_id) VALUES (175, 128, 129);
INSERT INTO cytrus.connections (id, target_id, source_id) VALUES (181, 128, 7);
INSERT INTO cytrus.connections (id, target_id, source_id) VALUES (190, 130, 136);
INSERT INTO cytrus.connections (id, target_id, source_id) VALUES (182, 130, 71);
INSERT INTO cytrus.connections (id, target_id, source_id) VALUES (185, 130, 42);
INSERT INTO cytrus.connections (id, target_id, source_id) VALUES (186, 130, 65);
INSERT INTO cytrus.connections (id, target_id, source_id) VALUES (189, 130, 135);
INSERT INTO cytrus.connections (id, target_id, source_id) VALUES (188, 130, 134);
INSERT INTO cytrus.connections (id, target_id, source_id) VALUES (184, 130, 132);
INSERT INTO cytrus.connections (id, target_id, source_id) VALUES (183, 130, 131);
INSERT INTO cytrus.connections (id, target_id, source_id) VALUES (187, 130, 133);
INSERT INTO cytrus.connections (id, target_id, source_id) VALUES (195, 137, 133);
INSERT INTO cytrus.connections (id, target_id, source_id) VALUES (193, 137, 19);
INSERT INTO cytrus.connections (id, target_id, source_id) VALUES (192, 137, 139);
INSERT INTO cytrus.connections (id, target_id, source_id) VALUES (194, 137, 140);
INSERT INTO cytrus.connections (id, target_id, source_id) VALUES (196, 137, 115);
INSERT INTO cytrus.connections (id, target_id, source_id) VALUES (191, 137, 138);
INSERT INTO cytrus.connections (id, target_id, source_id) VALUES (197, 141, 17);
INSERT INTO cytrus.connections (id, target_id, source_id) VALUES (199, 141, 24);
INSERT INTO cytrus.connections (id, target_id, source_id) VALUES (198, 141, 142);
INSERT INTO cytrus.connections (id, target_id, source_id) VALUES (201, 141, 142);
INSERT INTO cytrus.connections (id, target_id, source_id) VALUES (200, 141, 143);
INSERT INTO cytrus.connections (id, target_id, source_id) VALUES (204, 144, 145);
INSERT INTO cytrus.connections (id, target_id, source_id) VALUES (206, 144, 134);
INSERT INTO cytrus.connections (id, target_id, source_id) VALUES (203, 144, 19);
INSERT INTO cytrus.connections (id, target_id, source_id) VALUES (205, 144, 146);
INSERT INTO cytrus.connections (id, target_id, source_id) VALUES (202, 144, 71);
INSERT INTO cytrus.connections (id, target_id, source_id) VALUES (207, 144, 115);
INSERT INTO cytrus.connections (id, target_id, source_id) VALUES (211, 147, 148);
INSERT INTO cytrus.connections (id, target_id, source_id) VALUES (210, 147, 94);
INSERT INTO cytrus.connections (id, target_id, source_id) VALUES (212, 147, 149);
INSERT INTO cytrus.connections (id, target_id, source_id) VALUES (209, 147, 53);
INSERT INTO cytrus.connections (id, target_id, source_id) VALUES (208, 147, 146);
INSERT INTO cytrus.connections (id, target_id, source_id) VALUES (213, 150, 71);
INSERT INTO cytrus.connections (id, target_id, source_id) VALUES (215, 150, 151);
INSERT INTO cytrus.connections (id, target_id, source_id) VALUES (214, 150, 53);
INSERT INTO cytrus.connections (id, target_id, source_id) VALUES (218, 152, 153);
INSERT INTO cytrus.connections (id, target_id, source_id) VALUES (216, 152, 17);
INSERT INTO cytrus.connections (id, target_id, source_id) VALUES (217, 152, 142);
INSERT INTO cytrus.connections (id, target_id, source_id) VALUES (219, 154, 17);
INSERT INTO cytrus.connections (id, target_id, source_id) VALUES (224, 154, 156);
INSERT INTO cytrus.connections (id, target_id, source_id) VALUES (223, 154, 156);
INSERT INTO cytrus.connections (id, target_id, source_id) VALUES (221, 154, 1);
INSERT INTO cytrus.connections (id, target_id, source_id) VALUES (220, 154, 155);
INSERT INTO cytrus.connections (id, target_id, source_id) VALUES (222, 154, 156);
INSERT INTO cytrus.connections (id, target_id, source_id) VALUES (226, 157, 140);
INSERT INTO cytrus.connections (id, target_id, source_id) VALUES (225, 157, 60);
INSERT INTO cytrus.connections (id, target_id, source_id) VALUES (227, 157, 158);
INSERT INTO cytrus.connections (id, target_id, source_id) VALUES (229, 159, 160);
INSERT INTO cytrus.connections (id, target_id, source_id) VALUES (228, 159, 71);
INSERT INTO cytrus.connections (id, target_id, source_id) VALUES (230, 159, 148);
INSERT INTO cytrus.connections (id, target_id, source_id) VALUES (231, 159, 96);
INSERT INTO cytrus.connections (id, target_id, source_id) VALUES (233, 161, 151);
INSERT INTO cytrus.connections (id, target_id, source_id) VALUES (232, 161, 71);
INSERT INTO cytrus.connections (id, target_id, source_id) VALUES (234, 162, 71);
INSERT INTO cytrus.connections (id, target_id, source_id) VALUES (237, 162, 77);
INSERT INTO cytrus.connections (id, target_id, source_id) VALUES (236, 162, 165);
INSERT INTO cytrus.connections (id, target_id, source_id) VALUES (238, 162, 163);
INSERT INTO cytrus.connections (id, target_id, source_id) VALUES (240, 162, 166);
INSERT INTO cytrus.connections (id, target_id, source_id) VALUES (235, 162, 164);
INSERT INTO cytrus.connections (id, target_id, source_id) VALUES (239, 162, 146);
INSERT INTO cytrus.connections (id, target_id, source_id) VALUES (243, 168, 167);
INSERT INTO cytrus.connections (id, target_id, source_id) VALUES (242, 169, 168);
INSERT INTO cytrus.connections (id, target_id, source_id) VALUES (241, 169, 170);
INSERT INTO cytrus.connections (id, target_id, source_id) VALUES (255, 175, 177);
INSERT INTO cytrus.connections (id, target_id, source_id) VALUES (254, 177, 175);

-- CONNECTION PROPERTIES
INSERT INTO cytrus.connection_properties (connection_id, key, value) VALUES (6, 'TYPE', 'PRODUCED');
INSERT INTO cytrus.connection_properties (connection_id, key, value) VALUES (7, 'roles', 'Emil');
INSERT INTO cytrus.connection_properties (connection_id, key, value) VALUES (7, 'TYPE', 'ACTED_IN');
INSERT INTO cytrus.connection_properties (connection_id, key, value) VALUES (2, 'roles', 'Morpheus');
INSERT INTO cytrus.connection_properties (connection_id, key, value) VALUES (2, 'TYPE', 'ACTED_IN');
INSERT INTO cytrus.connection_properties (connection_id, key, value) VALUES (5, 'TYPE', 'DIRECTED');
INSERT INTO cytrus.connection_properties (connection_id, key, value) VALUES (3, 'roles', 'Agent Smith');
INSERT INTO cytrus.connection_properties (connection_id, key, value) VALUES (3, 'TYPE', 'ACTED_IN');
INSERT INTO cytrus.connection_properties (connection_id, key, value) VALUES (4, 'TYPE', 'DIRECTED');
INSERT INTO cytrus.connection_properties (connection_id, key, value) VALUES (1, 'roles', 'Trinity');
INSERT INTO cytrus.connection_properties (connection_id, key, value) VALUES (1, 'TYPE', 'ACTED_IN');
INSERT INTO cytrus.connection_properties (connection_id, key, value) VALUES (0, 'roles', 'Neo');
INSERT INTO cytrus.connection_properties (connection_id, key, value) VALUES (0, 'TYPE', 'ACTED_IN');
INSERT INTO cytrus.connection_properties (connection_id, key, value) VALUES (8, 'roles', 'Neo');
INSERT INTO cytrus.connection_properties (connection_id, key, value) VALUES (8, 'TYPE', 'ACTED_IN');
INSERT INTO cytrus.connection_properties (connection_id, key, value) VALUES (11, 'roles', 'Agent Smith');
INSERT INTO cytrus.connection_properties (connection_id, key, value) VALUES (11, 'TYPE', 'ACTED_IN');
INSERT INTO cytrus.connection_properties (connection_id, key, value) VALUES (10, 'roles', 'Morpheus');
INSERT INTO cytrus.connection_properties (connection_id, key, value) VALUES (10, 'TYPE', 'ACTED_IN');
INSERT INTO cytrus.connection_properties (connection_id, key, value) VALUES (12, 'TYPE', 'DIRECTED');
INSERT INTO cytrus.connection_properties (connection_id, key, value) VALUES (9, 'roles', 'Trinity');
INSERT INTO cytrus.connection_properties (connection_id, key, value) VALUES (9, 'TYPE', 'ACTED_IN');
INSERT INTO cytrus.connection_properties (connection_id, key, value) VALUES (14, 'TYPE', 'PRODUCED');
INSERT INTO cytrus.connection_properties (connection_id, key, value) VALUES (13, 'TYPE', 'DIRECTED');
INSERT INTO cytrus.connection_properties (connection_id, key, value) VALUES (20, 'TYPE', 'DIRECTED');
INSERT INTO cytrus.connection_properties (connection_id, key, value) VALUES (15, 'roles', 'Neo');
INSERT INTO cytrus.connection_properties (connection_id, key, value) VALUES (15, 'TYPE', 'ACTED_IN');
INSERT INTO cytrus.connection_properties (connection_id, key, value) VALUES (18, 'roles', 'Agent Smith');
INSERT INTO cytrus.connection_properties (connection_id, key, value) VALUES (18, 'TYPE', 'ACTED_IN');
INSERT INTO cytrus.connection_properties (connection_id, key, value) VALUES (16, 'roles', 'Trinity');
INSERT INTO cytrus.connection_properties (connection_id, key, value) VALUES (16, 'TYPE', 'ACTED_IN');
INSERT INTO cytrus.connection_properties (connection_id, key, value) VALUES (19, 'TYPE', 'DIRECTED');
INSERT INTO cytrus.connection_properties (connection_id, key, value) VALUES (21, 'TYPE', 'PRODUCED');
INSERT INTO cytrus.connection_properties (connection_id, key, value) VALUES (17, 'roles', 'Morpheus');
INSERT INTO cytrus.connection_properties (connection_id, key, value) VALUES (17, 'TYPE', 'ACTED_IN');
INSERT INTO cytrus.connection_properties (connection_id, key, value) VALUES (23, 'roles', 'Mary Ann Lomax');
INSERT INTO cytrus.connection_properties (connection_id, key, value) VALUES (23, 'TYPE', 'ACTED_IN');
INSERT INTO cytrus.connection_properties (connection_id, key, value) VALUES (22, 'roles', 'Kevin Lomax');
INSERT INTO cytrus.connection_properties (connection_id, key, value) VALUES (22, 'TYPE', 'ACTED_IN');
INSERT INTO cytrus.connection_properties (connection_id, key, value) VALUES (25, 'TYPE', 'DIRECTED');
INSERT INTO cytrus.connection_properties (connection_id, key, value) VALUES (24, 'roles', 'John Milton');
INSERT INTO cytrus.connection_properties (connection_id, key, value) VALUES (24, 'TYPE', 'ACTED_IN');
INSERT INTO cytrus.connection_properties (connection_id, key, value) VALUES (37, 'roles', 'Man in Bar');
INSERT INTO cytrus.connection_properties (connection_id, key, value) VALUES (37, 'TYPE', 'ACTED_IN');
INSERT INTO cytrus.connection_properties (connection_id, key, value) VALUES (27, 'roles', 'Col. Nathan R. Jessup');
INSERT INTO cytrus.connection_properties (connection_id, key, value) VALUES (27, 'TYPE', 'ACTED_IN');
INSERT INTO cytrus.connection_properties (connection_id, key, value) VALUES (33, 'roles', 'Lt. Sam Weinberg');
INSERT INTO cytrus.connection_properties (connection_id, key, value) VALUES (33, 'TYPE', 'ACTED_IN');
INSERT INTO cytrus.connection_properties (connection_id, key, value) VALUES (32, 'roles', 'Cpl. Carl Hammaker');
INSERT INTO cytrus.connection_properties (connection_id, key, value) VALUES (32, 'TYPE', 'ACTED_IN');
INSERT INTO cytrus.connection_properties (connection_id, key, value) VALUES (28, 'roles', 'Lt. Cdr. JoAnne Galloway');
INSERT INTO cytrus.connection_properties (connection_id, key, value) VALUES (28, 'TYPE', 'ACTED_IN');
INSERT INTO cytrus.connection_properties (connection_id, key, value) VALUES (26, 'roles', 'Lt. Daniel Kaffee');
INSERT INTO cytrus.connection_properties (connection_id, key, value) VALUES (26, 'TYPE', 'ACTED_IN');
INSERT INTO cytrus.connection_properties (connection_id, key, value) VALUES (35, 'roles', 'Pfc. Louden Downey');
INSERT INTO cytrus.connection_properties (connection_id, key, value) VALUES (35, 'TYPE', 'ACTED_IN');
INSERT INTO cytrus.connection_properties (connection_id, key, value) VALUES (29, 'roles', 'Capt. Jack Ross');
INSERT INTO cytrus.connection_properties (connection_id, key, value) VALUES (29, 'TYPE', 'ACTED_IN');
INSERT INTO cytrus.connection_properties (connection_id, key, value) VALUES (30, 'roles', 'Lt. Jonathan Kendrick');
INSERT INTO cytrus.connection_properties (connection_id, key, value) VALUES (30, 'TYPE', 'ACTED_IN');
INSERT INTO cytrus.connection_properties (connection_id, key, value) VALUES (39, 'TYPE', 'WROTE');
INSERT INTO cytrus.connection_properties (connection_id, key, value) VALUES (36, 'roles', 'Dr. Stone');
INSERT INTO cytrus.connection_properties (connection_id, key, value) VALUES (36, 'TYPE', 'ACTED_IN');
INSERT INTO cytrus.connection_properties (connection_id, key, value) VALUES (38, 'TYPE', 'DIRECTED');
INSERT INTO cytrus.connection_properties (connection_id, key, value) VALUES (34, 'roles', 'Lt. Col. Matthew Andrew Markinson');
INSERT INTO cytrus.connection_properties (connection_id, key, value) VALUES (34, 'TYPE', 'ACTED_IN');
INSERT INTO cytrus.connection_properties (connection_id, key, value) VALUES (31, 'roles', 'Cpl. Jeffrey Barnes');
INSERT INTO cytrus.connection_properties (connection_id, key, value) VALUES (31, 'TYPE', 'ACTED_IN');
INSERT INTO cytrus.connection_properties (connection_id, key, value) VALUES (41, 'roles', 'Charlie');
INSERT INTO cytrus.connection_properties (connection_id, key, value) VALUES (41, 'TYPE', 'ACTED_IN');
INSERT INTO cytrus.connection_properties (connection_id, key, value) VALUES (43, 'roles', 'Goose');
INSERT INTO cytrus.connection_properties (connection_id, key, value) VALUES (43, 'TYPE', 'ACTED_IN');
INSERT INTO cytrus.connection_properties (connection_id, key, value) VALUES (40, 'roles', 'Maverick');
INSERT INTO cytrus.connection_properties (connection_id, key, value) VALUES (40, 'TYPE', 'ACTED_IN');
INSERT INTO cytrus.connection_properties (connection_id, key, value) VALUES (45, 'roles', 'Carole');
INSERT INTO cytrus.connection_properties (connection_id, key, value) VALUES (45, 'TYPE', 'ACTED_IN');
INSERT INTO cytrus.connection_properties (connection_id, key, value) VALUES (46, 'TYPE', 'DIRECTED');
INSERT INTO cytrus.connection_properties (connection_id, key, value) VALUES (44, 'roles', 'Viper');
INSERT INTO cytrus.connection_properties (connection_id, key, value) VALUES (44, 'TYPE', 'ACTED_IN');
INSERT INTO cytrus.connection_properties (connection_id, key, value) VALUES (47, 'TYPE', 'WROTE');
INSERT INTO cytrus.connection_properties (connection_id, key, value) VALUES (42, 'roles', 'Iceman');
INSERT INTO cytrus.connection_properties (connection_id, key, value) VALUES (42, 'TYPE', 'ACTED_IN');
INSERT INTO cytrus.connection_properties (connection_id, key, value) VALUES (55, 'roles', 'Marcee Tidwell');
INSERT INTO cytrus.connection_properties (connection_id, key, value) VALUES (55, 'TYPE', 'ACTED_IN');
INSERT INTO cytrus.connection_properties (connection_id, key, value) VALUES (48, 'roles', 'Jerry Maguire');
INSERT INTO cytrus.connection_properties (connection_id, key, value) VALUES (48, 'TYPE', 'ACTED_IN');
INSERT INTO cytrus.connection_properties (connection_id, key, value) VALUES (54, 'roles', 'Laurel Boyd');
INSERT INTO cytrus.connection_properties (connection_id, key, value) VALUES (54, 'TYPE', 'ACTED_IN');
INSERT INTO cytrus.connection_properties (connection_id, key, value) VALUES (58, 'TYPE', 'PRODUCED');
INSERT INTO cytrus.connection_properties (connection_id, key, value) VALUES (56, 'roles', 'Ray Boyd');
INSERT INTO cytrus.connection_properties (connection_id, key, value) VALUES (56, 'TYPE', 'ACTED_IN');
INSERT INTO cytrus.connection_properties (connection_id, key, value) VALUES (52, 'roles', 'Frank Cushman');
INSERT INTO cytrus.connection_properties (connection_id, key, value) VALUES (52, 'TYPE', 'ACTED_IN');
INSERT INTO cytrus.connection_properties (connection_id, key, value) VALUES (49, 'roles', 'Rod Tidwell');
INSERT INTO cytrus.connection_properties (connection_id, key, value) VALUES (49, 'TYPE', 'ACTED_IN');
INSERT INTO cytrus.connection_properties (connection_id, key, value) VALUES (53, 'roles', 'Bob Sugar');
INSERT INTO cytrus.connection_properties (connection_id, key, value) VALUES (53, 'TYPE', 'ACTED_IN');
INSERT INTO cytrus.connection_properties (connection_id, key, value) VALUES (51, 'roles', 'Avery Bishop');
INSERT INTO cytrus.connection_properties (connection_id, key, value) VALUES (51, 'TYPE', 'ACTED_IN');
INSERT INTO cytrus.connection_properties (connection_id, key, value) VALUES (57, 'TYPE', 'DIRECTED');
INSERT INTO cytrus.connection_properties (connection_id, key, value) VALUES (59, 'TYPE', 'WROTE');
INSERT INTO cytrus.connection_properties (connection_id, key, value) VALUES (50, 'roles', 'Dorothy Boyd');
INSERT INTO cytrus.connection_properties (connection_id, key, value) VALUES (50, 'TYPE', 'ACTED_IN');
INSERT INTO cytrus.connection_properties (connection_id, key, value) VALUES (252, 'summary', 'You had me at Jerry');
INSERT INTO cytrus.connection_properties (connection_id, key, value) VALUES (252, 'rating', '92');
INSERT INTO cytrus.connection_properties (connection_id, key, value) VALUES (252, 'TYPE', 'REVIEWED');
INSERT INTO cytrus.connection_properties (connection_id, key, value) VALUES (63, 'roles', 'Teddy Duchamp');
INSERT INTO cytrus.connection_properties (connection_id, key, value) VALUES (63, 'TYPE', 'ACTED_IN');
INSERT INTO cytrus.connection_properties (connection_id, key, value) VALUES (65, 'roles', 'Ace Merrill');
INSERT INTO cytrus.connection_properties (connection_id, key, value) VALUES (65, 'TYPE', 'ACTED_IN');
INSERT INTO cytrus.connection_properties (connection_id, key, value) VALUES (64, 'roles', 'Denny Lachance');
INSERT INTO cytrus.connection_properties (connection_id, key, value) VALUES (64, 'TYPE', 'ACTED_IN');
INSERT INTO cytrus.connection_properties (connection_id, key, value) VALUES (62, 'roles', 'Vern Tessio');
INSERT INTO cytrus.connection_properties (connection_id, key, value) VALUES (62, 'TYPE', 'ACTED_IN');
INSERT INTO cytrus.connection_properties (connection_id, key, value) VALUES (60, 'roles', 'Gordie Lachance');
INSERT INTO cytrus.connection_properties (connection_id, key, value) VALUES (60, 'TYPE', 'ACTED_IN');
INSERT INTO cytrus.connection_properties (connection_id, key, value) VALUES (61, 'roles', 'Chris Chambers');
INSERT INTO cytrus.connection_properties (connection_id, key, value) VALUES (61, 'TYPE', 'ACTED_IN');
INSERT INTO cytrus.connection_properties (connection_id, key, value) VALUES (66, 'roles', 'Mr. Lachance');
INSERT INTO cytrus.connection_properties (connection_id, key, value) VALUES (66, 'TYPE', 'ACTED_IN');
INSERT INTO cytrus.connection_properties (connection_id, key, value) VALUES (67, 'TYPE', 'DIRECTED');
INSERT INTO cytrus.connection_properties (connection_id, key, value) VALUES (68, 'roles', 'Melvin Udall');
INSERT INTO cytrus.connection_properties (connection_id, key, value) VALUES (68, 'TYPE', 'ACTED_IN');
INSERT INTO cytrus.connection_properties (connection_id, key, value) VALUES (69, 'roles', 'Carol Connelly');
INSERT INTO cytrus.connection_properties (connection_id, key, value) VALUES (69, 'TYPE', 'ACTED_IN');
INSERT INTO cytrus.connection_properties (connection_id, key, value) VALUES (72, 'TYPE', 'DIRECTED');
INSERT INTO cytrus.connection_properties (connection_id, key, value) VALUES (71, 'roles', 'Frank Sachs');
INSERT INTO cytrus.connection_properties (connection_id, key, value) VALUES (71, 'TYPE', 'ACTED_IN');
INSERT INTO cytrus.connection_properties (connection_id, key, value) VALUES (70, 'roles', 'Simon Bishop');
INSERT INTO cytrus.connection_properties (connection_id, key, value) VALUES (70, 'TYPE', 'ACTED_IN');
INSERT INTO cytrus.connection_properties (connection_id, key, value) VALUES (74, 'roles', 'Albert Lewis');
INSERT INTO cytrus.connection_properties (connection_id, key, value) VALUES (74, 'TYPE', 'ACTED_IN');
INSERT INTO cytrus.connection_properties (connection_id, key, value) VALUES (73, 'roles', 'Chris Nielsen');
INSERT INTO cytrus.connection_properties (connection_id, key, value) VALUES (73, 'TYPE', 'ACTED_IN');
INSERT INTO cytrus.connection_properties (connection_id, key, value) VALUES (78, 'TYPE', 'DIRECTED');
INSERT INTO cytrus.connection_properties (connection_id, key, value) VALUES (77, 'roles', 'The Face');
INSERT INTO cytrus.connection_properties (connection_id, key, value) VALUES (77, 'TYPE', 'ACTED_IN');
INSERT INTO cytrus.connection_properties (connection_id, key, value) VALUES (76, 'roles', 'The Tracker');
INSERT INTO cytrus.connection_properties (connection_id, key, value) VALUES (76, 'TYPE', 'ACTED_IN');
INSERT INTO cytrus.connection_properties (connection_id, key, value) VALUES (75, 'roles', 'Annie Collins-Nielsen');
INSERT INTO cytrus.connection_properties (connection_id, key, value) VALUES (75, 'TYPE', 'ACTED_IN');
INSERT INTO cytrus.connection_properties (connection_id, key, value) VALUES (80, 'roles', 'Kazuo Miyamoto');
INSERT INTO cytrus.connection_properties (connection_id, key, value) VALUES (80, 'TYPE', 'ACTED_IN');
INSERT INTO cytrus.connection_properties (connection_id, key, value) VALUES (82, 'roles', 'Judge Fielding');
INSERT INTO cytrus.connection_properties (connection_id, key, value) VALUES (82, 'TYPE', 'ACTED_IN');
INSERT INTO cytrus.connection_properties (connection_id, key, value) VALUES (79, 'roles', 'Ishmael Chambers');
INSERT INTO cytrus.connection_properties (connection_id, key, value) VALUES (79, 'TYPE', 'ACTED_IN');
INSERT INTO cytrus.connection_properties (connection_id, key, value) VALUES (81, 'roles', 'Nels Gudmundsson');
INSERT INTO cytrus.connection_properties (connection_id, key, value) VALUES (81, 'TYPE', 'ACTED_IN');
INSERT INTO cytrus.connection_properties (connection_id, key, value) VALUES (83, 'TYPE', 'DIRECTED');
INSERT INTO cytrus.connection_properties (connection_id, key, value) VALUES (86, 'roles', 'Frank Navasky');
INSERT INTO cytrus.connection_properties (connection_id, key, value) VALUES (86, 'TYPE', 'ACTED_IN');
INSERT INTO cytrus.connection_properties (connection_id, key, value) VALUES (87, 'roles', 'Patricia Eden');
INSERT INTO cytrus.connection_properties (connection_id, key, value) VALUES (87, 'TYPE', 'ACTED_IN');
INSERT INTO cytrus.connection_properties (connection_id, key, value) VALUES (85, 'roles', 'Kathleen Kelly');
INSERT INTO cytrus.connection_properties (connection_id, key, value) VALUES (85, 'TYPE', 'ACTED_IN');
INSERT INTO cytrus.connection_properties (connection_id, key, value) VALUES (89, 'roles', 'George Pappas');
INSERT INTO cytrus.connection_properties (connection_id, key, value) VALUES (89, 'TYPE', 'ACTED_IN');
INSERT INTO cytrus.connection_properties (connection_id, key, value) VALUES (90, 'TYPE', 'DIRECTED');
INSERT INTO cytrus.connection_properties (connection_id, key, value) VALUES (84, 'roles', 'Joe Fox');
INSERT INTO cytrus.connection_properties (connection_id, key, value) VALUES (84, 'TYPE', 'ACTED_IN');
INSERT INTO cytrus.connection_properties (connection_id, key, value) VALUES (88, 'roles', 'Kevin Jackson');
INSERT INTO cytrus.connection_properties (connection_id, key, value) VALUES (88, 'TYPE', 'ACTED_IN');
INSERT INTO cytrus.connection_properties (connection_id, key, value) VALUES (91, 'roles', 'Sam Baldwin');
INSERT INTO cytrus.connection_properties (connection_id, key, value) VALUES (91, 'TYPE', 'ACTED_IN');
INSERT INTO cytrus.connection_properties (connection_id, key, value) VALUES (95, 'roles', 'Greg');
INSERT INTO cytrus.connection_properties (connection_id, key, value) VALUES (95, 'TYPE', 'ACTED_IN');
INSERT INTO cytrus.connection_properties (connection_id, key, value) VALUES (93, 'roles', 'Suzy');
INSERT INTO cytrus.connection_properties (connection_id, key, value) VALUES (93, 'TYPE', 'ACTED_IN');
INSERT INTO cytrus.connection_properties (connection_id, key, value) VALUES (97, 'TYPE', 'DIRECTED');
INSERT INTO cytrus.connection_properties (connection_id, key, value) VALUES (92, 'roles', 'Annie Reed');
INSERT INTO cytrus.connection_properties (connection_id, key, value) VALUES (92, 'TYPE', 'ACTED_IN');
INSERT INTO cytrus.connection_properties (connection_id, key, value) VALUES (94, 'roles', 'Walter');
INSERT INTO cytrus.connection_properties (connection_id, key, value) VALUES (94, 'TYPE', 'ACTED_IN');
INSERT INTO cytrus.connection_properties (connection_id, key, value) VALUES (96, 'roles', 'Becky');
INSERT INTO cytrus.connection_properties (connection_id, key, value) VALUES (96, 'TYPE', 'ACTED_IN');
INSERT INTO cytrus.connection_properties (connection_id, key, value) VALUES (101, 'TYPE', 'DIRECTED');
INSERT INTO cytrus.connection_properties (connection_id, key, value) VALUES (98, 'roles', 'Joe Banks');
INSERT INTO cytrus.connection_properties (connection_id, key, value) VALUES (98, 'TYPE', 'ACTED_IN');
INSERT INTO cytrus.connection_properties (connection_id, key, value) VALUES (100, 'roles', 'Baw');
INSERT INTO cytrus.connection_properties (connection_id, key, value) VALUES (100, 'TYPE', 'ACTED_IN');
INSERT INTO cytrus.connection_properties (connection_id, key, value) VALUES (99, 'roles', 'DeDe');
INSERT INTO cytrus.connection_properties (connection_id, key, value) VALUES (99, 'roles', 'Angelica Graynamore');
INSERT INTO cytrus.connection_properties (connection_id, key, value) VALUES (99, 'roles', 'Patricia Graynamore');
INSERT INTO cytrus.connection_properties (connection_id, key, value) VALUES (99, 'TYPE', 'ACTED_IN');
INSERT INTO cytrus.connection_properties (connection_id, key, value) VALUES (102, 'roles', 'Harry Burns');
INSERT INTO cytrus.connection_properties (connection_id, key, value) VALUES (102, 'TYPE', 'ACTED_IN');
INSERT INTO cytrus.connection_properties (connection_id, key, value) VALUES (108, 'TYPE', 'PRODUCED');
INSERT INTO cytrus.connection_properties (connection_id, key, value) VALUES (103, 'roles', 'Sally Albright');
INSERT INTO cytrus.connection_properties (connection_id, key, value) VALUES (103, 'TYPE', 'ACTED_IN');
INSERT INTO cytrus.connection_properties (connection_id, key, value) VALUES (105, 'roles', 'Jess');
INSERT INTO cytrus.connection_properties (connection_id, key, value) VALUES (105, 'TYPE', 'ACTED_IN');
INSERT INTO cytrus.connection_properties (connection_id, key, value) VALUES (106, 'TYPE', 'DIRECTED');
INSERT INTO cytrus.connection_properties (connection_id, key, value) VALUES (107, 'TYPE', 'PRODUCED');
INSERT INTO cytrus.connection_properties (connection_id, key, value) VALUES (104, 'roles', 'Marie');
INSERT INTO cytrus.connection_properties (connection_id, key, value) VALUES (104, 'TYPE', 'ACTED_IN');
INSERT INTO cytrus.connection_properties (connection_id, key, value) VALUES (109, 'TYPE', 'WROTE');
INSERT INTO cytrus.connection_properties (connection_id, key, value) VALUES (110, 'roles', 'Mr. White');
INSERT INTO cytrus.connection_properties (connection_id, key, value) VALUES (110, 'TYPE', 'ACTED_IN');
INSERT INTO cytrus.connection_properties (connection_id, key, value) VALUES (111, 'roles', 'Faye Dolan');
INSERT INTO cytrus.connection_properties (connection_id, key, value) VALUES (111, 'TYPE', 'ACTED_IN');
INSERT INTO cytrus.connection_properties (connection_id, key, value) VALUES (112, 'roles', 'Tina');
INSERT INTO cytrus.connection_properties (connection_id, key, value) VALUES (112, 'TYPE', 'ACTED_IN');
INSERT INTO cytrus.connection_properties (connection_id, key, value) VALUES (113, 'TYPE', 'DIRECTED');
INSERT INTO cytrus.connection_properties (connection_id, key, value) VALUES (118, 'TYPE', 'DIRECTED');
INSERT INTO cytrus.connection_properties (connection_id, key, value) VALUES (114, 'roles', 'Shane Falco');
INSERT INTO cytrus.connection_properties (connection_id, key, value) VALUES (114, 'TYPE', 'ACTED_IN');
INSERT INTO cytrus.connection_properties (connection_id, key, value) VALUES (116, 'roles', 'Jimmy McGinty');
INSERT INTO cytrus.connection_properties (connection_id, key, value) VALUES (116, 'TYPE', 'ACTED_IN');
INSERT INTO cytrus.connection_properties (connection_id, key, value) VALUES (247, 'summary', 'Pretty funny at times');
INSERT INTO cytrus.connection_properties (connection_id, key, value) VALUES (247, 'rating', '62');
INSERT INTO cytrus.connection_properties (connection_id, key, value) VALUES (247, 'TYPE', 'REVIEWED');
INSERT INTO cytrus.connection_properties (connection_id, key, value) VALUES (246, 'summary', 'The coolest football movie ever');
INSERT INTO cytrus.connection_properties (connection_id, key, value) VALUES (246, 'rating', '100');
INSERT INTO cytrus.connection_properties (connection_id, key, value) VALUES (246, 'TYPE', 'REVIEWED');
INSERT INTO cytrus.connection_properties (connection_id, key, value) VALUES (245, 'summary', 'Silly, but fun');
INSERT INTO cytrus.connection_properties (connection_id, key, value) VALUES (245, 'rating', '65');
INSERT INTO cytrus.connection_properties (connection_id, key, value) VALUES (245, 'TYPE', 'REVIEWED');
INSERT INTO cytrus.connection_properties (connection_id, key, value) VALUES (117, 'roles', 'Clifford Franklin');
INSERT INTO cytrus.connection_properties (connection_id, key, value) VALUES (117, 'TYPE', 'ACTED_IN');
INSERT INTO cytrus.connection_properties (connection_id, key, value) VALUES (115, 'roles', 'Annabelle Farrell');
INSERT INTO cytrus.connection_properties (connection_id, key, value) VALUES (115, 'TYPE', 'ACTED_IN');
INSERT INTO cytrus.connection_properties (connection_id, key, value) VALUES (122, 'roles', 'Duane');
INSERT INTO cytrus.connection_properties (connection_id, key, value) VALUES (122, 'TYPE', 'ACTED_IN');
INSERT INTO cytrus.connection_properties (connection_id, key, value) VALUES (123, 'TYPE', 'DIRECTED');
INSERT INTO cytrus.connection_properties (connection_id, key, value) VALUES (120, 'roles', 'Dieter Dengler');
INSERT INTO cytrus.connection_properties (connection_id, key, value) VALUES (120, 'TYPE', 'ACTED_IN');
INSERT INTO cytrus.connection_properties (connection_id, key, value) VALUES (119, 'roles', 'Admiral');
INSERT INTO cytrus.connection_properties (connection_id, key, value) VALUES (119, 'TYPE', 'ACTED_IN');
INSERT INTO cytrus.connection_properties (connection_id, key, value) VALUES (121, 'roles', 'Squad Leader');
INSERT INTO cytrus.connection_properties (connection_id, key, value) VALUES (121, 'TYPE', 'ACTED_IN');
INSERT INTO cytrus.connection_properties (connection_id, key, value) VALUES (126, 'roles', 'Sen. Kevin Keeley');
INSERT INTO cytrus.connection_properties (connection_id, key, value) VALUES (126, 'TYPE', 'ACTED_IN');
INSERT INTO cytrus.connection_properties (connection_id, key, value) VALUES (124, 'roles', 'Armand Goldman');
INSERT INTO cytrus.connection_properties (connection_id, key, value) VALUES (124, 'TYPE', 'ACTED_IN');
INSERT INTO cytrus.connection_properties (connection_id, key, value) VALUES (125, 'roles', 'Albert Goldman');
INSERT INTO cytrus.connection_properties (connection_id, key, value) VALUES (125, 'TYPE', 'ACTED_IN');
INSERT INTO cytrus.connection_properties (connection_id, key, value) VALUES (127, 'TYPE', 'DIRECTED');
INSERT INTO cytrus.connection_properties (connection_id, key, value) VALUES (249, 'summary', 'Slapstick redeemed only by the Robin Williams and Gene Hackman''s stellar performances');
INSERT INTO cytrus.connection_properties (connection_id, key, value) VALUES (249, 'rating', '45');
INSERT INTO cytrus.connection_properties (connection_id, key, value) VALUES (249, 'TYPE', 'REVIEWED');
INSERT INTO cytrus.connection_properties (connection_id, key, value) VALUES (131, 'TYPE', 'DIRECTED');
INSERT INTO cytrus.connection_properties (connection_id, key, value) VALUES (248, 'summary', 'Dark, but compelling');
INSERT INTO cytrus.connection_properties (connection_id, key, value) VALUES (248, 'rating', '85');
INSERT INTO cytrus.connection_properties (connection_id, key, value) VALUES (248, 'TYPE', 'REVIEWED');
INSERT INTO cytrus.connection_properties (connection_id, key, value) VALUES (130, 'roles', 'Little Bill Daggett');
INSERT INTO cytrus.connection_properties (connection_id, key, value) VALUES (130, 'TYPE', 'ACTED_IN');
INSERT INTO cytrus.connection_properties (connection_id, key, value) VALUES (128, 'roles', 'English Bob');
INSERT INTO cytrus.connection_properties (connection_id, key, value) VALUES (128, 'TYPE', 'ACTED_IN');
INSERT INTO cytrus.connection_properties (connection_id, key, value) VALUES (129, 'roles', 'Bill Munny');
INSERT INTO cytrus.connection_properties (connection_id, key, value) VALUES (129, 'TYPE', 'ACTED_IN');
INSERT INTO cytrus.connection_properties (connection_id, key, value) VALUES (136, 'TYPE', 'DIRECTED');
INSERT INTO cytrus.connection_properties (connection_id, key, value) VALUES (134, 'roles', 'Jane');
INSERT INTO cytrus.connection_properties (connection_id, key, value) VALUES (134, 'TYPE', 'ACTED_IN');
INSERT INTO cytrus.connection_properties (connection_id, key, value) VALUES (135, 'roles', 'J-Bone');
INSERT INTO cytrus.connection_properties (connection_id, key, value) VALUES (135, 'TYPE', 'ACTED_IN');
INSERT INTO cytrus.connection_properties (connection_id, key, value) VALUES (132, 'roles', 'Johnny Mnemonic');
INSERT INTO cytrus.connection_properties (connection_id, key, value) VALUES (132, 'TYPE', 'ACTED_IN');
INSERT INTO cytrus.connection_properties (connection_id, key, value) VALUES (133, 'roles', 'Takahashi');
INSERT INTO cytrus.connection_properties (connection_id, key, value) VALUES (133, 'TYPE', 'ACTED_IN');
INSERT INTO cytrus.connection_properties (connection_id, key, value) VALUES (138, 'roles', 'Bill Smoke');
INSERT INTO cytrus.connection_properties (connection_id, key, value) VALUES (138, 'roles', 'Haskell Moore');
INSERT INTO cytrus.connection_properties (connection_id, key, value) VALUES (138, 'roles', 'Tadeusz Kesselring');
INSERT INTO cytrus.connection_properties (connection_id, key, value) VALUES (138, 'roles', 'Nurse Noakes');
INSERT INTO cytrus.connection_properties (connection_id, key, value) VALUES (138, 'roles', 'Boardman Mephi');
INSERT INTO cytrus.connection_properties (connection_id, key, value) VALUES (138, 'roles', 'Old Georgie');
INSERT INTO cytrus.connection_properties (connection_id, key, value) VALUES (138, 'TYPE', 'ACTED_IN');
INSERT INTO cytrus.connection_properties (connection_id, key, value) VALUES (137, 'roles', 'Zachry');
INSERT INTO cytrus.connection_properties (connection_id, key, value) VALUES (137, 'roles', 'Dr. Henry Goose');
INSERT INTO cytrus.connection_properties (connection_id, key, value) VALUES (137, 'roles', 'Isaac Sachs');
INSERT INTO cytrus.connection_properties (connection_id, key, value) VALUES (137, 'roles', 'Dermot Hoggins');
INSERT INTO cytrus.connection_properties (connection_id, key, value) VALUES (137, 'TYPE', 'ACTED_IN');
INSERT INTO cytrus.connection_properties (connection_id, key, value) VALUES (141, 'TYPE', 'DIRECTED');
INSERT INTO cytrus.connection_properties (connection_id, key, value) VALUES (140, 'roles', 'Vyvyan Ayrs');
INSERT INTO cytrus.connection_properties (connection_id, key, value) VALUES (140, 'roles', 'Captain Molyneux');
INSERT INTO cytrus.connection_properties (connection_id, key, value) VALUES (140, 'roles', 'Timothy Cavendish');
INSERT INTO cytrus.connection_properties (connection_id, key, value) VALUES (140, 'TYPE', 'ACTED_IN');
INSERT INTO cytrus.connection_properties (connection_id, key, value) VALUES (143, 'TYPE', 'DIRECTED');
INSERT INTO cytrus.connection_properties (connection_id, key, value) VALUES (244, 'summary', 'An amazing journey');
INSERT INTO cytrus.connection_properties (connection_id, key, value) VALUES (244, 'rating', '95');
INSERT INTO cytrus.connection_properties (connection_id, key, value) VALUES (244, 'TYPE', 'REVIEWED');
INSERT INTO cytrus.connection_properties (connection_id, key, value) VALUES (142, 'TYPE', 'DIRECTED');
INSERT INTO cytrus.connection_properties (connection_id, key, value) VALUES (144, 'TYPE', 'WROTE');
INSERT INTO cytrus.connection_properties (connection_id, key, value) VALUES (145, 'TYPE', 'PRODUCED');
INSERT INTO cytrus.connection_properties (connection_id, key, value) VALUES (139, 'roles', 'Luisa Rey');
INSERT INTO cytrus.connection_properties (connection_id, key, value) VALUES (139, 'roles', 'Jocasta Ayrs');
INSERT INTO cytrus.connection_properties (connection_id, key, value) VALUES (139, 'roles', 'Ovid');
INSERT INTO cytrus.connection_properties (connection_id, key, value) VALUES (139, 'roles', 'Meronym');
INSERT INTO cytrus.connection_properties (connection_id, key, value) VALUES (139, 'TYPE', 'ACTED_IN');
INSERT INTO cytrus.connection_properties (connection_id, key, value) VALUES (146, 'roles', 'Dr. Robert Langdon');
INSERT INTO cytrus.connection_properties (connection_id, key, value) VALUES (146, 'TYPE', 'ACTED_IN');
INSERT INTO cytrus.connection_properties (connection_id, key, value) VALUES (150, 'TYPE', 'DIRECTED');
INSERT INTO cytrus.connection_properties (connection_id, key, value) VALUES (149, 'roles', 'Silas');
INSERT INTO cytrus.connection_properties (connection_id, key, value) VALUES (149, 'TYPE', 'ACTED_IN');
INSERT INTO cytrus.connection_properties (connection_id, key, value) VALUES (148, 'roles', 'Sophie Neveu');
INSERT INTO cytrus.connection_properties (connection_id, key, value) VALUES (148, 'TYPE', 'ACTED_IN');
INSERT INTO cytrus.connection_properties (connection_id, key, value) VALUES (251, 'summary', 'Fun, but a little far fetched');
INSERT INTO cytrus.connection_properties (connection_id, key, value) VALUES (251, 'rating', '65');
INSERT INTO cytrus.connection_properties (connection_id, key, value) VALUES (251, 'TYPE', 'REVIEWED');
INSERT INTO cytrus.connection_properties (connection_id, key, value) VALUES (250, 'summary', 'A solid romp');
INSERT INTO cytrus.connection_properties (connection_id, key, value) VALUES (250, 'rating', '68');
INSERT INTO cytrus.connection_properties (connection_id, key, value) VALUES (250, 'TYPE', 'REVIEWED');
INSERT INTO cytrus.connection_properties (connection_id, key, value) VALUES (147, 'roles', 'Sir Leight Teabing');
INSERT INTO cytrus.connection_properties (connection_id, key, value) VALUES (147, 'TYPE', 'ACTED_IN');
INSERT INTO cytrus.connection_properties (connection_id, key, value) VALUES (151, 'roles', 'V');
INSERT INTO cytrus.connection_properties (connection_id, key, value) VALUES (151, 'TYPE', 'ACTED_IN');
INSERT INTO cytrus.connection_properties (connection_id, key, value) VALUES (157, 'TYPE', 'PRODUCED');
INSERT INTO cytrus.connection_properties (connection_id, key, value) VALUES (152, 'roles', 'Evey Hammond');
INSERT INTO cytrus.connection_properties (connection_id, key, value) VALUES (152, 'TYPE', 'ACTED_IN');
INSERT INTO cytrus.connection_properties (connection_id, key, value) VALUES (158, 'TYPE', 'PRODUCED');
INSERT INTO cytrus.connection_properties (connection_id, key, value) VALUES (159, 'TYPE', 'PRODUCED');
INSERT INTO cytrus.connection_properties (connection_id, key, value) VALUES (153, 'roles', 'Eric Finch');
INSERT INTO cytrus.connection_properties (connection_id, key, value) VALUES (153, 'TYPE', 'ACTED_IN');
INSERT INTO cytrus.connection_properties (connection_id, key, value) VALUES (154, 'roles', 'High Chancellor Adam Sutler');
INSERT INTO cytrus.connection_properties (connection_id, key, value) VALUES (154, 'TYPE', 'ACTED_IN');
INSERT INTO cytrus.connection_properties (connection_id, key, value) VALUES (161, 'TYPE', 'WROTE');
INSERT INTO cytrus.connection_properties (connection_id, key, value) VALUES (160, 'TYPE', 'WROTE');
INSERT INTO cytrus.connection_properties (connection_id, key, value) VALUES (156, 'TYPE', 'DIRECTED');
INSERT INTO cytrus.connection_properties (connection_id, key, value) VALUES (155, 'roles', 'Dascomb');
INSERT INTO cytrus.connection_properties (connection_id, key, value) VALUES (155, 'TYPE', 'ACTED_IN');
INSERT INTO cytrus.connection_properties (connection_id, key, value) VALUES (167, 'roles', 'Taejo Togokahn');
INSERT INTO cytrus.connection_properties (connection_id, key, value) VALUES (167, 'TYPE', 'ACTED_IN');
INSERT INTO cytrus.connection_properties (connection_id, key, value) VALUES (172, 'TYPE', 'WROTE');
INSERT INTO cytrus.connection_properties (connection_id, key, value) VALUES (164, 'roles', 'Mom');
INSERT INTO cytrus.connection_properties (connection_id, key, value) VALUES (164, 'TYPE', 'ACTED_IN');
INSERT INTO cytrus.connection_properties (connection_id, key, value) VALUES (171, 'TYPE', 'WROTE');
INSERT INTO cytrus.connection_properties (connection_id, key, value) VALUES (166, 'roles', 'Trixie');
INSERT INTO cytrus.connection_properties (connection_id, key, value) VALUES (166, 'TYPE', 'ACTED_IN');
INSERT INTO cytrus.connection_properties (connection_id, key, value) VALUES (170, 'TYPE', 'DIRECTED');
INSERT INTO cytrus.connection_properties (connection_id, key, value) VALUES (165, 'roles', 'Racer X');
INSERT INTO cytrus.connection_properties (connection_id, key, value) VALUES (165, 'TYPE', 'ACTED_IN');
INSERT INTO cytrus.connection_properties (connection_id, key, value) VALUES (162, 'roles', 'Speed Racer');
INSERT INTO cytrus.connection_properties (connection_id, key, value) VALUES (162, 'TYPE', 'ACTED_IN');
INSERT INTO cytrus.connection_properties (connection_id, key, value) VALUES (168, 'roles', 'Cass Jones');
INSERT INTO cytrus.connection_properties (connection_id, key, value) VALUES (168, 'TYPE', 'ACTED_IN');
INSERT INTO cytrus.connection_properties (connection_id, key, value) VALUES (163, 'roles', 'Pops');
INSERT INTO cytrus.connection_properties (connection_id, key, value) VALUES (163, 'TYPE', 'ACTED_IN');
INSERT INTO cytrus.connection_properties (connection_id, key, value) VALUES (173, 'TYPE', 'PRODUCED');
INSERT INTO cytrus.connection_properties (connection_id, key, value) VALUES (169, 'TYPE', 'DIRECTED');
INSERT INTO cytrus.connection_properties (connection_id, key, value) VALUES (180, 'TYPE', 'PRODUCED');
INSERT INTO cytrus.connection_properties (connection_id, key, value) VALUES (176, 'roles', 'Takeshi');
INSERT INTO cytrus.connection_properties (connection_id, key, value) VALUES (176, 'TYPE', 'ACTED_IN');
INSERT INTO cytrus.connection_properties (connection_id, key, value) VALUES (178, 'TYPE', 'DIRECTED');
INSERT INTO cytrus.connection_properties (connection_id, key, value) VALUES (179, 'TYPE', 'PRODUCED');
INSERT INTO cytrus.connection_properties (connection_id, key, value) VALUES (177, 'roles', 'Ryan Maslow');
INSERT INTO cytrus.connection_properties (connection_id, key, value) VALUES (177, 'TYPE', 'ACTED_IN');
INSERT INTO cytrus.connection_properties (connection_id, key, value) VALUES (174, 'roles', 'Raizo');
INSERT INTO cytrus.connection_properties (connection_id, key, value) VALUES (174, 'TYPE', 'ACTED_IN');
INSERT INTO cytrus.connection_properties (connection_id, key, value) VALUES (175, 'roles', 'Mika Coretti');
INSERT INTO cytrus.connection_properties (connection_id, key, value) VALUES (175, 'TYPE', 'ACTED_IN');
INSERT INTO cytrus.connection_properties (connection_id, key, value) VALUES (181, 'TYPE', 'PRODUCED');
INSERT INTO cytrus.connection_properties (connection_id, key, value) VALUES (190, 'TYPE', 'DIRECTED');
INSERT INTO cytrus.connection_properties (connection_id, key, value) VALUES (182, 'roles', 'Paul Edgecomb');
INSERT INTO cytrus.connection_properties (connection_id, key, value) VALUES (182, 'TYPE', 'ACTED_IN');
INSERT INTO cytrus.connection_properties (connection_id, key, value) VALUES (185, 'roles', 'Jan Edgecomb');
INSERT INTO cytrus.connection_properties (connection_id, key, value) VALUES (185, 'TYPE', 'ACTED_IN');
INSERT INTO cytrus.connection_properties (connection_id, key, value) VALUES (186, 'roles', 'Warden Hal Moores');
INSERT INTO cytrus.connection_properties (connection_id, key, value) VALUES (186, 'TYPE', 'ACTED_IN');
INSERT INTO cytrus.connection_properties (connection_id, key, value) VALUES (189, 'roles', 'Melinda Moores');
INSERT INTO cytrus.connection_properties (connection_id, key, value) VALUES (189, 'TYPE', 'ACTED_IN');
INSERT INTO cytrus.connection_properties (connection_id, key, value) VALUES (188, 'roles', 'Burt Hammersmith');
INSERT INTO cytrus.connection_properties (connection_id, key, value) VALUES (188, 'TYPE', 'ACTED_IN');
INSERT INTO cytrus.connection_properties (connection_id, key, value) VALUES (184, 'roles', 'Brutus "Brutal" Howell');
INSERT INTO cytrus.connection_properties (connection_id, key, value) VALUES (184, 'TYPE', 'ACTED_IN');
INSERT INTO cytrus.connection_properties (connection_id, key, value) VALUES (183, 'roles', 'John Coffey');
INSERT INTO cytrus.connection_properties (connection_id, key, value) VALUES (183, 'TYPE', 'ACTED_IN');
INSERT INTO cytrus.connection_properties (connection_id, key, value) VALUES (187, 'roles', '"Wild Bill" Wharton');
INSERT INTO cytrus.connection_properties (connection_id, key, value) VALUES (187, 'TYPE', 'ACTED_IN');
INSERT INTO cytrus.connection_properties (connection_id, key, value) VALUES (195, 'roles', 'James Reston, Jr.');
INSERT INTO cytrus.connection_properties (connection_id, key, value) VALUES (195, 'TYPE', 'ACTED_IN');
INSERT INTO cytrus.connection_properties (connection_id, key, value) VALUES (193, 'roles', 'Jack Brennan');
INSERT INTO cytrus.connection_properties (connection_id, key, value) VALUES (193, 'TYPE', 'ACTED_IN');
INSERT INTO cytrus.connection_properties (connection_id, key, value) VALUES (192, 'roles', 'David Frost');
INSERT INTO cytrus.connection_properties (connection_id, key, value) VALUES (192, 'TYPE', 'ACTED_IN');
INSERT INTO cytrus.connection_properties (connection_id, key, value) VALUES (194, 'roles', 'Bob Zelnick');
INSERT INTO cytrus.connection_properties (connection_id, key, value) VALUES (194, 'TYPE', 'ACTED_IN');
INSERT INTO cytrus.connection_properties (connection_id, key, value) VALUES (196, 'TYPE', 'DIRECTED');
INSERT INTO cytrus.connection_properties (connection_id, key, value) VALUES (191, 'roles', 'Richard Nixon');
INSERT INTO cytrus.connection_properties (connection_id, key, value) VALUES (191, 'TYPE', 'ACTED_IN');
INSERT INTO cytrus.connection_properties (connection_id, key, value) VALUES (197, 'roles', 'Hoffa');
INSERT INTO cytrus.connection_properties (connection_id, key, value) VALUES (197, 'TYPE', 'ACTED_IN');
INSERT INTO cytrus.connection_properties (connection_id, key, value) VALUES (199, 'roles', 'Frank Fitzsimmons');
INSERT INTO cytrus.connection_properties (connection_id, key, value) VALUES (199, 'TYPE', 'ACTED_IN');
INSERT INTO cytrus.connection_properties (connection_id, key, value) VALUES (198, 'roles', 'Robert "Bobby" Ciaro');
INSERT INTO cytrus.connection_properties (connection_id, key, value) VALUES (198, 'TYPE', 'ACTED_IN');
INSERT INTO cytrus.connection_properties (connection_id, key, value) VALUES (201, 'TYPE', 'DIRECTED');
INSERT INTO cytrus.connection_properties (connection_id, key, value) VALUES (200, 'roles', 'Peter "Pete" Connelly');
INSERT INTO cytrus.connection_properties (connection_id, key, value) VALUES (200, 'TYPE', 'ACTED_IN');
INSERT INTO cytrus.connection_properties (connection_id, key, value) VALUES (204, 'roles', 'Gene Kranz');
INSERT INTO cytrus.connection_properties (connection_id, key, value) VALUES (204, 'TYPE', 'ACTED_IN');
INSERT INTO cytrus.connection_properties (connection_id, key, value) VALUES (206, 'roles', 'Ken Mattingly');
INSERT INTO cytrus.connection_properties (connection_id, key, value) VALUES (206, 'TYPE', 'ACTED_IN');
INSERT INTO cytrus.connection_properties (connection_id, key, value) VALUES (203, 'roles', 'Jack Swigert');
INSERT INTO cytrus.connection_properties (connection_id, key, value) VALUES (203, 'TYPE', 'ACTED_IN');
INSERT INTO cytrus.connection_properties (connection_id, key, value) VALUES (205, 'roles', 'Fred Haise');
INSERT INTO cytrus.connection_properties (connection_id, key, value) VALUES (205, 'TYPE', 'ACTED_IN');
INSERT INTO cytrus.connection_properties (connection_id, key, value) VALUES (202, 'roles', 'Jim Lovell');
INSERT INTO cytrus.connection_properties (connection_id, key, value) VALUES (202, 'TYPE', 'ACTED_IN');
INSERT INTO cytrus.connection_properties (connection_id, key, value) VALUES (207, 'TYPE', 'DIRECTED');
INSERT INTO cytrus.connection_properties (connection_id, key, value) VALUES (211, 'roles', 'Dustin "Dusty" Davis');
INSERT INTO cytrus.connection_properties (connection_id, key, value) VALUES (211, 'TYPE', 'ACTED_IN');
INSERT INTO cytrus.connection_properties (connection_id, key, value) VALUES (210, 'roles', 'Eddie');
INSERT INTO cytrus.connection_properties (connection_id, key, value) VALUES (210, 'TYPE', 'ACTED_IN');
INSERT INTO cytrus.connection_properties (connection_id, key, value) VALUES (212, 'TYPE', 'DIRECTED');
INSERT INTO cytrus.connection_properties (connection_id, key, value) VALUES (209, 'roles', 'Dr. Jo Harding');
INSERT INTO cytrus.connection_properties (connection_id, key, value) VALUES (209, 'TYPE', 'ACTED_IN');
INSERT INTO cytrus.connection_properties (connection_id, key, value) VALUES (208, 'roles', 'Bill Harding');
INSERT INTO cytrus.connection_properties (connection_id, key, value) VALUES (208, 'TYPE', 'ACTED_IN');
INSERT INTO cytrus.connection_properties (connection_id, key, value) VALUES (213, 'roles', 'Chuck Noland');
INSERT INTO cytrus.connection_properties (connection_id, key, value) VALUES (213, 'TYPE', 'ACTED_IN');
INSERT INTO cytrus.connection_properties (connection_id, key, value) VALUES (215, 'TYPE', 'DIRECTED');
INSERT INTO cytrus.connection_properties (connection_id, key, value) VALUES (214, 'roles', 'Kelly Frears');
INSERT INTO cytrus.connection_properties (connection_id, key, value) VALUES (214, 'TYPE', 'ACTED_IN');
INSERT INTO cytrus.connection_properties (connection_id, key, value) VALUES (218, 'TYPE', 'DIRECTED');
INSERT INTO cytrus.connection_properties (connection_id, key, value) VALUES (216, 'roles', 'Randle McMurphy');
INSERT INTO cytrus.connection_properties (connection_id, key, value) VALUES (216, 'TYPE', 'ACTED_IN');
INSERT INTO cytrus.connection_properties (connection_id, key, value) VALUES (217, 'roles', 'Martini');
INSERT INTO cytrus.connection_properties (connection_id, key, value) VALUES (217, 'TYPE', 'ACTED_IN');
INSERT INTO cytrus.connection_properties (connection_id, key, value) VALUES (219, 'roles', 'Harry Sanborn');
INSERT INTO cytrus.connection_properties (connection_id, key, value) VALUES (219, 'TYPE', 'ACTED_IN');
INSERT INTO cytrus.connection_properties (connection_id, key, value) VALUES (224, 'TYPE', 'WROTE');
INSERT INTO cytrus.connection_properties (connection_id, key, value) VALUES (223, 'TYPE', 'PRODUCED');
INSERT INTO cytrus.connection_properties (connection_id, key, value) VALUES (221, 'roles', 'Julian Mercer');
INSERT INTO cytrus.connection_properties (connection_id, key, value) VALUES (221, 'TYPE', 'ACTED_IN');
INSERT INTO cytrus.connection_properties (connection_id, key, value) VALUES (220, 'roles', 'Erica Barry');
INSERT INTO cytrus.connection_properties (connection_id, key, value) VALUES (220, 'TYPE', 'ACTED_IN');
INSERT INTO cytrus.connection_properties (connection_id, key, value) VALUES (222, 'TYPE', 'DIRECTED');
INSERT INTO cytrus.connection_properties (connection_id, key, value) VALUES (226, 'roles', 'Rupert Burns');
INSERT INTO cytrus.connection_properties (connection_id, key, value) VALUES (226, 'TYPE', 'ACTED_IN');
INSERT INTO cytrus.connection_properties (connection_id, key, value) VALUES (225, 'roles', 'Andrew Marin');
INSERT INTO cytrus.connection_properties (connection_id, key, value) VALUES (225, 'TYPE', 'ACTED_IN');
INSERT INTO cytrus.connection_properties (connection_id, key, value) VALUES (227, 'TYPE', 'DIRECTED');
INSERT INTO cytrus.connection_properties (connection_id, key, value) VALUES (229, 'roles', 'Joanne Herring');
INSERT INTO cytrus.connection_properties (connection_id, key, value) VALUES (229, 'TYPE', 'ACTED_IN');
INSERT INTO cytrus.connection_properties (connection_id, key, value) VALUES (228, 'roles', 'Rep. Charlie Wilson');
INSERT INTO cytrus.connection_properties (connection_id, key, value) VALUES (228, 'TYPE', 'ACTED_IN');
INSERT INTO cytrus.connection_properties (connection_id, key, value) VALUES (230, 'roles', 'Gust Avrakotos');
INSERT INTO cytrus.connection_properties (connection_id, key, value) VALUES (230, 'TYPE', 'ACTED_IN');
INSERT INTO cytrus.connection_properties (connection_id, key, value) VALUES (231, 'TYPE', 'DIRECTED');
INSERT INTO cytrus.connection_properties (connection_id, key, value) VALUES (233, 'TYPE', 'DIRECTED');
INSERT INTO cytrus.connection_properties (connection_id, key, value) VALUES (232, 'roles', 'Hero Boy');
INSERT INTO cytrus.connection_properties (connection_id, key, value) VALUES (232, 'roles', 'Father');
INSERT INTO cytrus.connection_properties (connection_id, key, value) VALUES (232, 'roles', 'Conductor');
INSERT INTO cytrus.connection_properties (connection_id, key, value) VALUES (232, 'roles', 'Hobo');
INSERT INTO cytrus.connection_properties (connection_id, key, value) VALUES (232, 'roles', 'Scrooge');
INSERT INTO cytrus.connection_properties (connection_id, key, value) VALUES (232, 'roles', 'Santa Claus');
INSERT INTO cytrus.connection_properties (connection_id, key, value) VALUES (232, 'TYPE', 'ACTED_IN');
INSERT INTO cytrus.connection_properties (connection_id, key, value) VALUES (234, 'roles', 'Jimmy Dugan');
INSERT INTO cytrus.connection_properties (connection_id, key, value) VALUES (234, 'TYPE', 'ACTED_IN');
INSERT INTO cytrus.connection_properties (connection_id, key, value) VALUES (237, 'roles', 'Doris Murphy');
INSERT INTO cytrus.connection_properties (connection_id, key, value) VALUES (237, 'TYPE', 'ACTED_IN');
INSERT INTO cytrus.connection_properties (connection_id, key, value) VALUES (236, 'roles', 'Kit Keller');
INSERT INTO cytrus.connection_properties (connection_id, key, value) VALUES (236, 'TYPE', 'ACTED_IN');
INSERT INTO cytrus.connection_properties (connection_id, key, value) VALUES (238, 'roles', '"All the Way" Mae Mordabito');
INSERT INTO cytrus.connection_properties (connection_id, key, value) VALUES (238, 'TYPE', 'ACTED_IN');
INSERT INTO cytrus.connection_properties (connection_id, key, value) VALUES (240, 'TYPE', 'DIRECTED');
INSERT INTO cytrus.connection_properties (connection_id, key, value) VALUES (235, 'roles', 'Dottie Hinson');
INSERT INTO cytrus.connection_properties (connection_id, key, value) VALUES (235, 'TYPE', 'ACTED_IN');
INSERT INTO cytrus.connection_properties (connection_id, key, value) VALUES (239, 'roles', 'Bob Hinson');
INSERT INTO cytrus.connection_properties (connection_id, key, value) VALUES (239, 'TYPE', 'ACTED_IN');
INSERT INTO cytrus.connection_properties (connection_id, key, value) VALUES (243, 'TYPE', 'FOLLOWS');
INSERT INTO cytrus.connection_properties (connection_id, key, value) VALUES (242, 'TYPE', 'FOLLOWS');
INSERT INTO cytrus.connection_properties (connection_id, key, value) VALUES (241, 'TYPE', 'FOLLOWS');
INSERT INTO cytrus.connection_properties (connection_id, key, value) VALUES (255, 'love', 'true');
INSERT INTO cytrus.connection_properties (connection_id, key, value) VALUES (255, 'TYPE', 'SwedishFamily');
INSERT INTO cytrus.connection_properties (connection_id, key, value) VALUES (254, 'love', 'true');
INSERT INTO cytrus.connection_properties (connection_id, key, value) VALUES (254, 'TYPE', 'SwedishFamily');